"name","price","href"
"【メール便可20】シンプルデザインのロング丈キャミソール かわいい おしゃれ 春物 チュニックワン...","1080","http://item.rakuten.co.jp/e-zakkamania/32136-0702316/"
"【3】【メール便送料無料】2万枚突破！！ビッグポケットTシャツワンピ 体型カバー力◎ GISELe7月号...","1000","http://item.rakuten.co.jp/nowistyle/eri-t-151/"
"【メール便可20】背中のボーダーで魅了！フロントはシンプル無地×バックはボーダー柄に切り替えら...","1299","http://item.rakuten.co.jp/e-zakkamania/32136-1303143/"
"ワンピース M/L/LLサイズ 首元は華奢に＆裾には気ままな可愛さをランダム裾パッチワークホルター付...","2138","http://item.rakuten.co.jp/soulberry/w2a0455/"
"【送料480円 2個で送料無料！】ヌーブラ ソープ は別途蒸れない ボーブラ エアーライト(肌色ベージ...","2520","http://item.rakuten.co.jp/cardrona/664654/"
"【期間限定！送料無料♪⇒2,000円ポッキリ】春ニット ワンピース ワンピ レディース ニット ケーブ...","2000","http://item.rakuten.co.jp/garageshop/v00190/"
"ワンピース M/L/LLサイズ さりげない可愛さと、スタイルアップを欲張りに小花柄裾パッチワーク半袖...","2138","http://item.rakuten.co.jp/soulberry/w2a0457/"
"ワンピース M/L/LLサイズ アンティーク風のレースがロマンティックな一枚裾花柄レース切り替えワン...","2138","http://item.rakuten.co.jp/soulberry/w2a0486/"
"《今だけ！送料無料》★★［AirySmooth］バイカラー7分袖無地ワンピ☆ワンピース チュニック レト...","1419","http://item.rakuten.co.jp/pierrot/a1209-031550/"
"ワンピース M/L/LLサイズ 裾と首元に遊び心たっぷりな可愛さをソレイアード風裾パッチワークホルタ...","2138","http://item.rakuten.co.jp/soulberry/w2a0454/"
"期間・数量限定！【対象商品から2点選べる！靴2点詰め込みチケット！3990円★6/11 17：59END】自分...","3990","http://item.rakuten.co.jp/galstar/666666/"
"7分袖デニムシャツワンピース 森ガール/ミディアム/大人可愛い/M/L/LL/ジュエル/jewel","3380","http://item.rakuten.co.jp/shop-jewel/op21355/"
"ワンピース M/L/LLサイズ 一枚でちゃんと可愛く＆さりげなく体型カバーアンティーク柄裾パッチワー...","2138","http://item.rakuten.co.jp/soulberry/w2a0460/"
"春ワンピース チュニック Aライン 半袖 ミニ丈 タイト 無地 ハイウエスト Vネック スタイルアップ ...","1480","http://item.rakuten.co.jp/garageshop/p00096/"
"★春ワンピース★清楚なブルーカラーの総レースワンピース[NO.12-82-74]◆◆二次会/パーティー/結...","9990","http://item.rakuten.co.jp/mode-et-mode/12-82-74/"
"2014春ワンピース【メール便可】ヴィンテージ加工ワンピース丈ダンガリーシャツブルー・インディコ...","1998","http://item.rakuten.co.jp/continental-web/op-002-a/"
"【送料無料】【メール便OK】philter(フィルター)45万枚突破★CoolPlus(クールプラス)選べる≪普通...","1980","http://item.rakuten.co.jp/luzllena/410266/"
"【モエリーオリジナル】インナー付ニットワンピース【MOERY】インナー・ベア・透かし編み・ニット...","11800","http://item.rakuten.co.jp/moery/mo11-003/"
"さらりとした肌触りのコットン混ニットワンピース ニットウエア ワンピース チュニック ミニワンピ...","3024","http://item.rakuten.co.jp/e-zakkamania/32549-1303218/"
"【期間限定！送料無料♪】【6Hセール♪11日0:59迄★】 BIGハートプリント 春ワンピース チュニック...","1100","http://item.rakuten.co.jp/garageshop/v00042/"
"2WAYペチコートショートワンピース（アジアン/エスニック/ファッションの必須アイテム♪[M便1/1]/...","1004","http://item.rakuten.co.jp/ajara/4-iu1-2a/"
"【最終クリアランスSALE！】ワンピース ドルマンスリーブ ドルマン レディース オフショル ワンピ ...","700","http://item.rakuten.co.jp/garageshop/w00062/"
"【日替わりタイムセール】(6/11 17:59まで)≪2014年ver.オリジナルUV≫★★もはや定番！無地とボー...","1069","http://item.rakuten.co.jp/pierrot/a1404-031983/"
"楽天ランキング入賞！《全7色！コクーンシルエットワンピース！》コクーン/バルーン/タック/ギャザ...","1923","http://item.rakuten.co.jp/kira-kira/jcp0023/"
"マタニティ　ワンピース 全体型カバーの電磁波防止ワンピース/マタニティ/ワンピース/010210B【楽...","11800","http://item.rakuten.co.jp/tokashop/tk010210b/"
"楽天入賞★ リーズラグランニットプルオーバー fs3gm【メール便不可】","3218","http://item.rakuten.co.jp/novi-z/hctf-570s-n16228/"
"【メール便可20】無地とボーダー柄の切り替えタンクトップワンピース♪インナーワンピースにもオス...","2052","http://item.rakuten.co.jp/e-zakkamania/32140-1001706/"
"【メール便可20】自慢の色遊びの配色変形ロングTシャツ 7分袖 Tee 無地 カラーブロック カットソー...","2052","http://item.rakuten.co.jp/e-zakkamania/32158-1201516/"
"ワンピース M/L/LLサイズ 大人っぽい色使いとレースがポイントバイカラードルマン肩レースワンピー...","2138","http://item.rakuten.co.jp/soulberry/w2a0484/"
"英字ロゴプリント・ロング丈ドルマンTシャツ/Vネック・半袖カットソー★シンプル無地・選べる[5col...","1280","http://item.rakuten.co.jp/bs-zone/dad-t091201/"
"チュニックワンピース Fサイズ 風合い豊かなWガーゼ＆ふんわりシルエットでナチュラル可愛くチェッ...","3218","http://item.rakuten.co.jp/soulberry/wjf0174/"
"ラインがきれい　重ね着もOK　インナーとしてもバッチリ　シンプルチュニックワンピース【メール便...","2052","http://item.rakuten.co.jp/natusen/ltn014/"
"【送料無料】【モエリーオリジナル】ふんわり広がるAライン♪爽やかボーダーとチュールの透け感がC...","7020","http://item.rakuten.co.jp/moery/mo7-003/"
"【マタニティ】ロングキャミソール/マタニティ中期位までカバーの電磁波防止ウェア/マタニティウェ...","9480","http://item.rakuten.co.jp/tokashop/tk6010b/"
"送料無料★ベルト付き ドルマン シャツワンピ 花柄 ワンピース 襟付き ニットワンピース 春ワンピ...","698","http://item.rakuten.co.jp/vour-voir/va505/"
"【送料無料】幅広い体型の方にお勧めAラインチュニック丈プルオーバー ブラウス ロング丈 ワンピー...","4104","http://item.rakuten.co.jp/e-zakkamania/32158-1301096/"
"【送料無料】チェック柄×ハイウエスト位置にギャザーの入ったフェミニンなシルエットのタンクワン...","4212","http://item.rakuten.co.jp/e-zakkamania/32417-1301018/"
"【再入荷】【メール便不可】フェミニンさ際立つバルーンスリーブ♪2素材から選べます♪スウェット...","3990","http://item.rakuten.co.jp/cocacoca/02-121100000-42/"
"【マタニティ】ロングキャミソール/マタニティ中期位までカバーの電磁波防止ウェア/インナー/マタ...","9480","http://item.rakuten.co.jp/tokashop/tk6010w/"
"【1,434枚完売！】「ワンピース＝可愛い」にサヨナラ！大人シックに決まるワンピース！（ベロア・...","4298","http://item.rakuten.co.jp/rutia/p9120388/"
"【4h限定SALE!6/10・20：00-23：59】【全品送料無料6/10・10：00-6/13・9：59】【総レースフレア切...","1490","http://item.rakuten.co.jp/salus/op-41-95-00001383/"
"★★[流行の3柄から選べるのが嬉しい♪]プリント切替ドルマンワンピース☆ カットソー ボーダー 千...","1521","http://item.rakuten.co.jp/pierrot/yt1311-031353/"
"大きく「82」のロゴがプリントされたAラインワンピ。フットボールTシャツをベースにしたカジュアル...","3564","http://item.rakuten.co.jp/e-zakkamania/32579-1303046/"
"ワンピース ワンピ レディース ルーズシルエット チュニックワンピ スウェット 薄手 スウェット素...","1780","http://item.rakuten.co.jp/garageshop/qw00011/"
"GRL グレイル Popteen7月号掲載 レモン柄オフショルワンピース [bz410(bz410)]","2099","http://item.rakuten.co.jp/grailshop/bz410/"
