"code","name","level","titlePath","href"
"101164","おもちゃ・ホビー・ゲーム","0","トップ > おもちゃ・ホビー・ゲーム > フィギュア > 美少女 > B-CLUB","http://search.rakuten.co.jp/search/mall/-/%E3%81%8A%E3%82%82%E3%81%A1%E3%82%83%E3%83%BB%E3%83%9B%E3%83%93%E3%83%BC%E3%83%BB%E3%82%B2%E3%83%BC%E3%83%A0-101164/p.1-s.1-sf.0-st.A-v.2?grp=product"
"112203","フィギュア","1","トップ > おもちゃ・ホビー・ゲーム > フィギュア > 美少女 > B-CLUB","http://search.rakuten.co.jp/search/mall/-/%E3%83%95%E3%82%A3%E3%82%AE%E3%83%A5%E3%82%A2-112203/p.1-s.1-sf.0-st.A-v.2?grp=product"
"400962","美少女","2","トップ > おもちゃ・ホビー・ゲーム > フィギュア > 美少女 > B-CLUB","http://search.rakuten.co.jp/search/mall/-/%E7%BE%8E%E5%B0%91%E5%A5%B3-400962/p.1-s.1-sf.0-st.A-v.2?grp=product"
"400963","B-CLUB","3","トップ > おもちゃ・ホビー・ゲーム > フィギュア > 美少女 > B-CLUB","http://search.rakuten.co.jp/search/mall/-/B-CLUB-400963/p.1-s.1-sf.0-st.A-v.2?grp=product"
"553796","アイズ・プロジェクト","3","トップ > おもちゃ・ホビー・ゲーム > フィギュア > 美少女 > アイズ・プロジェクト","http://search.rakuten.co.jp/search/mall/-/%E3%82%A2%E3%82%A4%E3%82%BA%E3%83%BB%E3%83%97%E3%83%AD%E3%82%B8%E3%82%A7%E3%82%AF%E3%83%88-553796/p.1-s.1-sf.0-st.A-v.2?grp=product"
"553797","アオシマ","3","トップ > おもちゃ・ホビー・ゲーム > フィギュア > 美少女 > アオシマ","http://search.rakuten.co.jp/search/mall/-/%E3%82%A2%E3%82%AA%E3%82%B7%E3%83%9E-553797/p.1-s.1-sf.0-st.A-v.2?grp=product"
"400964","アルター","3","トップ > おもちゃ・ホビー・ゲーム > フィギュア > 美少女 > アルター","http://search.rakuten.co.jp/search/mall/-/%E3%82%A2%E3%83%AB%E3%82%BF%E3%83%BC-400964/p.1-s.1-sf.0-st.A-v.2?grp=product"
"553798","アルファオメガ","3","トップ > おもちゃ・ホビー・ゲーム > フィギュア > 美少女 > アルファオメガ","http://search.rakuten.co.jp/search/mall/-/%E3%82%A2%E3%83%AB%E3%83%95%E3%82%A1%E3%82%AA%E3%83%A1%E3%82%AC-553798/p.1-s.1-sf.0-st.A-v.2?grp=product"
"553799","ウェーブ","3","トップ > おもちゃ・ホビー・ゲーム > フィギュア > 美少女 > ウェーブ","http://search.rakuten.co.jp/search/mall/-/%E3%82%A6%E3%82%A7%E3%83%BC%E3%83%96-553799/p.1-s.1-sf.0-st.A-v.2?grp=product"
"553800","オーガニック","3","トップ > おもちゃ・ホビー・ゲーム > フィギュア > 美少女 > オーガニック","http://search.rakuten.co.jp/search/mall/-/%E3%82%AA%E3%83%BC%E3%82%AC%E3%83%8B%E3%83%83%E3%82%AF-553800/p.1-s.1-sf.0-st.A-v.2?grp=product"
"400965","オーキッドシード","3","トップ > おもちゃ・ホビー・ゲーム > フィギュア > 美少女 > オーキッドシード","http://search.rakuten.co.jp/search/mall/-/%E3%82%AA%E3%83%BC%E3%82%AD%E3%83%83%E3%83%89%E3%82%B7%E3%83%BC%E3%83%89-400965/p.1-s.1-sf.0-st.A-v.2?grp=product"
"400966","海洋堂","3","トップ > おもちゃ・ホビー・ゲーム > フィギュア > 美少女 > 海洋堂","http://search.rakuten.co.jp/search/mall/-/%E6%B5%B7%E6%B4%8B%E5%A0%82-400966/p.1-s.1-sf.0-st.A-v.2?grp=product"
"553801","ギフト","3","トップ > おもちゃ・ホビー・ゲーム > フィギュア > 美少女 > ギフト","http://search.rakuten.co.jp/search/mall/-/%E3%82%AE%E3%83%95%E3%83%88-553801/p.1-s.1-sf.0-st.A-v.2?grp=product"
"400967","グッドスマイルカンパニー","3","トップ > おもちゃ・ホビー・ゲーム > フィギュア > 美少女 > グッドスマイルカンパニー","http://search.rakuten.co.jp/search/mall/-/%E3%82%B0%E3%83%83%E3%83%89%E3%82%B9%E3%83%9E%E3%82%A4%E3%83%AB%E3%82%AB%E3%83%B3%E3%83%91%E3%83%8B%E3%83%BC-400967/p.1-s.1-sf.0-st.A-v.2?grp=product"
"400968","グリフォンエンタープライズ","3","トップ > おもちゃ・ホビー・ゲーム > フィギュア > 美少女 > グリフォンエンタープライズ","http://search.rakuten.co.jp/search/mall/-/%E3%82%B0%E3%83%AA%E3%83%95%E3%82%A9%E3%83%B3%E3%82%A8%E3%83%B3%E3%82%BF%E3%83%BC%E3%83%97%E3%83%A9%E3%82%A4%E3%82%BA-400968/p.1-s.1-sf.0-st.A-v.2?grp=product"
"400969","クルシマ製作所","3","トップ > おもちゃ・ホビー・ゲーム > フィギュア > 美少女 > クルシマ製作所","http://search.rakuten.co.jp/search/mall/-/%E3%82%AF%E3%83%AB%E3%82%B7%E3%83%9E%E8%A3%BD%E4%BD%9C%E6%89%80-400969/p.1-s.1-sf.0-st.A-v.2?grp=product"
"400970","クレイズ","3","トップ > おもちゃ・ホビー・ゲーム > フィギュア > 美少女 > クレイズ","http://search.rakuten.co.jp/search/mall/-/%E3%82%AF%E3%83%AC%E3%82%A4%E3%82%BA-400970/p.1-s.1-sf.0-st.A-v.2?grp=product"
"400971","コトブキヤ","3","トップ > おもちゃ・ホビー・ゲーム > フィギュア > 美少女 > コトブキヤ","http://search.rakuten.co.jp/search/mall/-/%E3%82%B3%E3%83%88%E3%83%96%E3%82%AD%E3%83%A4-400971/p.1-s.1-sf.0-st.A-v.2?grp=product"
"553802","コナミ","3","トップ > おもちゃ・ホビー・ゲーム > フィギュア > 美少女 > コナミ","http://search.rakuten.co.jp/search/mall/-/%E3%82%B3%E3%83%8A%E3%83%9F-553802/p.1-s.1-sf.0-st.A-v.2?grp=product"
"553803","シーエムズ・コーポレーション","3","トップ > おもちゃ・ホビー・ゲーム > フィギュア > 美少女 > シーエムズ・コーポレーション","http://search.rakuten.co.jp/search/mall/-/%E3%82%B7%E3%83%BC%E3%82%A8%E3%83%A0%E3%82%BA%E3%83%BB%E3%82%B3%E3%83%BC%E3%83%9D%E3%83%AC%E3%83%BC%E3%82%B7%E3%83%A7%E3%83%B3-553803/p.1-s.1-sf.0-st.A-v.2?grp=product"
"400972","ダイキ工業","3","トップ > おもちゃ・ホビー・ゲーム > フィギュア > 美少女 > ダイキ工業","http://search.rakuten.co.jp/search/mall/-/%E3%83%80%E3%82%A4%E3%82%AD%E5%B7%A5%E6%A5%AD-400972/p.1-s.1-sf.0-st.A-v.2?grp=product"
"400985","タカラトミーアーツ（旧ユージン）","3","トップ > おもちゃ・ホビー・ゲーム > フィギュア > 美少女 > タカラトミーアーツ（旧ユージン）","http://search.rakuten.co.jp/search/mall/-/%E3%82%BF%E3%82%AB%E3%83%A9%E3%83%88%E3%83%9F%E3%83%BC%E3%82%A2%E3%83%BC%E3%83%84%EF%BC%88%E6%97%A7%E3%83%A6%E3%83%BC%E3%82%B8%E3%83%B3%EF%BC%89-400985/p.1-s.1-sf.0-st.A-v.2?grp=product"
"553804","タキ・コーポレーション","3","トップ > おもちゃ・ホビー・ゲーム > フィギュア > 美少女 > タキ・コーポレーション","http://search.rakuten.co.jp/search/mall/-/%E3%82%BF%E3%82%AD%E3%83%BB%E3%82%B3%E3%83%BC%E3%83%9D%E3%83%AC%E3%83%BC%E3%82%B7%E3%83%A7%E3%83%B3-553804/p.1-s.1-sf.0-st.A-v.2?grp=product"
"553805","トイズワークス","3","トップ > おもちゃ・ホビー・ゲーム > フィギュア > 美少女 > トイズワークス","http://search.rakuten.co.jp/search/mall/-/%E3%83%88%E3%82%A4%E3%82%BA%E3%83%AF%E3%83%BC%E3%82%AF%E3%82%B9-553805/p.1-s.1-sf.0-st.A-v.2?grp=product"
"400973","ちびーず","3","トップ > おもちゃ・ホビー・ゲーム > フィギュア > 美少女 > ちびーず","http://search.rakuten.co.jp/search/mall/-/%E3%81%A1%E3%81%B3%E3%83%BC%E3%81%9A-400973/p.1-s.1-sf.0-st.A-v.2?grp=product"
"400974","とらのあな","3","トップ > おもちゃ・ホビー・ゲーム > フィギュア > 美少女 > とらのあな","http://search.rakuten.co.jp/search/mall/-/%E3%81%A8%E3%82%89%E3%81%AE%E3%81%82%E3%81%AA-400974/p.1-s.1-sf.0-st.A-v.2?grp=product"
"400975","バンダイ","3","トップ > おもちゃ・ホビー・ゲーム > フィギュア > 美少女 > バンダイ","http://search.rakuten.co.jp/search/mall/-/%E3%83%90%E3%83%B3%E3%83%80%E3%82%A4-400975/p.1-s.1-sf.0-st.A-v.2?grp=product"
"400976","バンプレスト","3","トップ > おもちゃ・ホビー・ゲーム > フィギュア > 美少女 > バンプレスト","http://search.rakuten.co.jp/search/mall/-/%E3%83%90%E3%83%B3%E3%83%97%E3%83%AC%E3%82%B9%E3%83%88-400976/p.1-s.1-sf.0-st.A-v.2?grp=product"
"400977","ピンキーストリート","3","トップ > おもちゃ・ホビー・ゲーム > フィギュア > 美少女 > ピンキーストリート","http://search.rakuten.co.jp/search/mall/-/%E3%83%94%E3%83%B3%E3%82%AD%E3%83%BC%E3%82%B9%E3%83%88%E3%83%AA%E3%83%BC%E3%83%88-400977/p.1-s.1-sf.0-st.A-v.2?grp=product"
"400979","ボークス","3","トップ > おもちゃ・ホビー・ゲーム > フィギュア > 美少女 > ボークス","http://search.rakuten.co.jp/search/mall/-/%E3%83%9C%E3%83%BC%E3%82%AF%E3%82%B9-400979/p.1-s.1-sf.0-st.A-v.2?grp=product"
"400980","ホビージャパン","3","トップ > おもちゃ・ホビー・ゲーム > フィギュア > 美少女 > ホビージャパン","http://search.rakuten.co.jp/search/mall/-/%E3%83%9B%E3%83%93%E3%83%BC%E3%82%B8%E3%83%A3%E3%83%91%E3%83%B3-400980/p.1-s.1-sf.0-st.A-v.2?grp=product"
"400981","マックスファクトリー","3","トップ > おもちゃ・ホビー・ゲーム > フィギュア > 美少女 > マックスファクトリー","http://search.rakuten.co.jp/search/mall/-/%E3%83%9E%E3%83%83%E3%82%AF%E3%82%B9%E3%83%95%E3%82%A1%E3%82%AF%E3%83%88%E3%83%AA%E3%83%BC-400981/p.1-s.1-sf.0-st.A-v.2?grp=product"
"400982","ムサシヤ","3","トップ > おもちゃ・ホビー・ゲーム > フィギュア > 美少女 > ムサシヤ","http://search.rakuten.co.jp/search/mall/-/%E3%83%A0%E3%82%B5%E3%82%B7%E3%83%A4-400982/p.1-s.1-sf.0-st.A-v.2?grp=product"
"553806","ムービック","3","トップ > おもちゃ・ホビー・ゲーム > フィギュア > 美少女 > ムービック","http://search.rakuten.co.jp/search/mall/-/%E3%83%A0%E3%83%BC%E3%83%93%E3%83%83%E3%82%AF-553806/p.1-s.1-sf.0-st.A-v.2?grp=product"
"400983","メガハウス","3","トップ > おもちゃ・ホビー・ゲーム > フィギュア > 美少女 > メガハウス","http://search.rakuten.co.jp/search/mall/-/%E3%83%A1%E3%82%AC%E3%83%8F%E3%82%A6%E3%82%B9-400983/p.1-s.1-sf.0-st.A-v.2?grp=product"
"551311","メディコム・トイ","3","トップ > おもちゃ・ホビー・ゲーム > フィギュア > 美少女 > メディコム・トイ","http://search.rakuten.co.jp/search/mall/-/%E3%83%A1%E3%83%87%E3%82%A3%E3%82%B3%E3%83%A0%E3%83%BB%E3%83%88%E3%82%A4-551311/p.1-s.1-sf.0-st.A-v.2?grp=product"
"400984","やまと","3","トップ > おもちゃ・ホビー・ゲーム > フィギュア > 美少女 > やまと","http://search.rakuten.co.jp/search/mall/-/%E3%82%84%E3%81%BE%E3%81%A8-400984/p.1-s.1-sf.0-st.A-v.2?grp=product"
"553807","レジーニャ","3","トップ > おもちゃ・ホビー・ゲーム > フィギュア > 美少女 > レジーニャ","http://search.rakuten.co.jp/search/mall/-/%E3%83%AC%E3%82%B8%E3%83%BC%E3%83%8B%E3%83%A3-553807/p.1-s.1-sf.0-st.A-v.2?grp=product"
"553808","和風堂玩具店","3","トップ > おもちゃ・ホビー・ゲーム > フィギュア > 美少女 > 和風堂玩具店","http://search.rakuten.co.jp/search/mall/-/%E5%92%8C%E9%A2%A8%E5%A0%82%E7%8E%A9%E5%85%B7%E5%BA%97-553808/p.1-s.1-sf.0-st.A-v.2?grp=product"
"400986","その他","3","トップ > おもちゃ・ホビー・ゲーム > フィギュア > 美少女 > その他","http://search.rakuten.co.jp/search/mall/-/%E3%81%9D%E3%81%AE%E4%BB%96-400986/p.1-s.1-sf.0-st.A-v.2?grp=product"
"400883","映画","2","トップ > おもちゃ・ホビー・ゲーム > フィギュア > 映画","http://search.rakuten.co.jp/search/mall/-/%E6%98%A0%E7%94%BB-400883/p.1-s.1-sf.0-st.A-v.2?grp=product"
"400905","特撮・ヒーロー","2","トップ > おもちゃ・ホビー・ゲーム > フィギュア > 特撮・ヒーロー","http://search.rakuten.co.jp/search/mall/-/%E7%89%B9%E6%92%AE%E3%83%BB%E3%83%92%E3%83%BC%E3%83%AD%E3%83%BC-400905/p.1-s.1-sf.0-st.A-v.2?grp=product"
"400916","アニメ・コミック","2","トップ > おもちゃ・ホビー・ゲーム > フィギュア > アニメ・コミック","http://search.rakuten.co.jp/search/mall/-/%E3%82%A2%E3%83%8B%E3%83%A1%E3%83%BB%E3%82%B3%E3%83%9F%E3%83%83%E3%82%AF-400916/p.1-s.1-sf.0-st.A-v.2?grp=product"
"400941","ゲーム","2","トップ > おもちゃ・ホビー・ゲーム > フィギュア > ゲーム > SPRING","http://search.rakuten.co.jp/search/mall/-/%E3%82%B2%E3%83%BC%E3%83%A0-400941/p.1-s.1-sf.0-st.A-v.2?grp=product"
"400942","SPRING","3","トップ > おもちゃ・ホビー・ゲーム > フィギュア > ゲーム > SPRING","http://search.rakuten.co.jp/search/mall/-/SPRING-400942/p.1-s.1-sf.0-st.A-v.2?grp=product"
"400943","アルター","3","トップ > おもちゃ・ホビー・ゲーム > フィギュア > ゲーム > アルター","http://search.rakuten.co.jp/search/mall/-/%E3%82%A2%E3%83%AB%E3%82%BF%E3%83%BC-400943/p.1-s.1-sf.0-st.A-v.2?grp=product"
"400944","グッドスマイルカンパニー","3","トップ > おもちゃ・ホビー・ゲーム > フィギュア > ゲーム > グッドスマイルカンパニー","http://search.rakuten.co.jp/search/mall/-/%E3%82%B0%E3%83%83%E3%83%89%E3%82%B9%E3%83%9E%E3%82%A4%E3%83%AB%E3%82%AB%E3%83%B3%E3%83%91%E3%83%8B%E3%83%BC-400944/p.1-s.1-sf.0-st.A-v.2?grp=product"
"400945","クレイズ","3","トップ > おもちゃ・ホビー・ゲーム > フィギュア > ゲーム > クレイズ","http://search.rakuten.co.jp/search/mall/-/%E3%82%AF%E3%83%AC%E3%82%A4%E3%82%BA-400945/p.1-s.1-sf.0-st.A-v.2?grp=product"
"400946","コトブキヤ","3","トップ > おもちゃ・ホビー・ゲーム > フィギュア > ゲーム > コトブキヤ","http://search.rakuten.co.jp/search/mall/-/%E3%82%B3%E3%83%88%E3%83%96%E3%82%AD%E3%83%A4-400946/p.1-s.1-sf.0-st.A-v.2?grp=product"
"400947","ダイキ工業","3","トップ > おもちゃ・ホビー・ゲーム > フィギュア > ゲーム > ダイキ工業","http://search.rakuten.co.jp/search/mall/-/%E3%83%80%E3%82%A4%E3%82%AD%E5%B7%A5%E6%A5%AD-400947/p.1-s.1-sf.0-st.A-v.2?grp=product"
"400948","とらのあな","3","トップ > おもちゃ・ホビー・ゲーム > フィギュア > ゲーム > とらのあな","http://search.rakuten.co.jp/search/mall/-/%E3%81%A8%E3%82%89%E3%81%AE%E3%81%82%E3%81%AA-400948/p.1-s.1-sf.0-st.A-v.2?grp=product"
"400949","バンダイ","3","トップ > おもちゃ・ホビー・ゲーム > フィギュア > ゲーム > バンダイ","http://search.rakuten.co.jp/search/mall/-/%E3%83%90%E3%83%B3%E3%83%80%E3%82%A4-400949/p.1-s.1-sf.0-st.A-v.2?grp=product"
"400950","バンプレスト","3","トップ > おもちゃ・ホビー・ゲーム > フィギュア > ゲーム > バンプレスト","http://search.rakuten.co.jp/search/mall/-/%E3%83%90%E3%83%B3%E3%83%97%E3%83%AC%E3%82%B9%E3%83%88-400950/p.1-s.1-sf.0-st.A-v.2?grp=product"
"400951","ピンキーストリート","3","トップ > おもちゃ・ホビー・ゲーム > フィギュア > ゲーム > ピンキーストリート","http://search.rakuten.co.jp/search/mall/-/%E3%83%94%E3%83%B3%E3%82%AD%E3%83%BC%E3%82%B9%E3%83%88%E3%83%AA%E3%83%BC%E3%83%88-400951/p.1-s.1-sf.0-st.A-v.2?grp=product"
"400952","ボークス","3","トップ > おもちゃ・ホビー・ゲーム > フィギュア > ゲーム > ボークス","http://search.rakuten.co.jp/search/mall/-/%E3%83%9C%E3%83%BC%E3%82%AF%E3%82%B9-400952/p.1-s.1-sf.0-st.A-v.2?grp=product"
"400953","ホビージャパン","3","トップ > おもちゃ・ホビー・ゲーム > フィギュア > ゲーム > ホビージャパン","http://search.rakuten.co.jp/search/mall/-/%E3%83%9B%E3%83%93%E3%83%BC%E3%82%B8%E3%83%A3%E3%83%91%E3%83%B3-400953/p.1-s.1-sf.0-st.A-v.2?grp=product"
"400954","マックスファクトリー","3","トップ > おもちゃ・ホビー・ゲーム > フィギュア > ゲーム > マックスファクトリー","http://search.rakuten.co.jp/search/mall/-/%E3%83%9E%E3%83%83%E3%82%AF%E3%82%B9%E3%83%95%E3%82%A1%E3%82%AF%E3%83%88%E3%83%AA%E3%83%BC-400954/p.1-s.1-sf.0-st.A-v.2?grp=product"
"400955","ムサシヤ","3","トップ > おもちゃ・ホビー・ゲーム > フィギュア > ゲーム > ムサシヤ","http://search.rakuten.co.jp/search/mall/-/%E3%83%A0%E3%82%B5%E3%82%B7%E3%83%A4-400955/p.1-s.1-sf.0-st.A-v.2?grp=product"
"400956","メガハウス","3","トップ > おもちゃ・ホビー・ゲーム > フィギュア > ゲーム > メガハウス","http://search.rakuten.co.jp/search/mall/-/%E3%83%A1%E3%82%AC%E3%83%8F%E3%82%A6%E3%82%B9-400956/p.1-s.1-sf.0-st.A-v.2?grp=product"
"400957","やまと","3","トップ > おもちゃ・ホビー・ゲーム > フィギュア > ゲーム > やまと","http://search.rakuten.co.jp/search/mall/-/%E3%82%84%E3%81%BE%E3%81%A8-400957/p.1-s.1-sf.0-st.A-v.2?grp=product"
"400958","ユージン","3","トップ > おもちゃ・ホビー・ゲーム > フィギュア > ゲーム > ユージン","http://search.rakuten.co.jp/search/mall/-/%E3%83%A6%E3%83%BC%E3%82%B8%E3%83%B3-400958/p.1-s.1-sf.0-st.A-v.2?grp=product"
"207632","その他","3","トップ > おもちゃ・ホビー・ゲーム > フィギュア > ゲーム > その他","http://search.rakuten.co.jp/search/mall/-/%E3%81%9D%E3%81%AE%E4%BB%96-207632/p.1-s.1-sf.0-st.A-v.2?grp=product"
"400959","スポーツ","2","トップ > おもちゃ・ホビー・ゲーム > フィギュア > スポーツ > MLB（メジャーリーグ）","http://search.rakuten.co.jp/search/mall/-/%E3%82%B9%E3%83%9D%E3%83%BC%E3%83%84-400959/p.1-s.1-sf.0-st.A-v.2?grp=product"
"500469","MLB（メジャーリーグ）","3","トップ > おもちゃ・ホビー・ゲーム > フィギュア > スポーツ > MLB（メジャーリーグ）","http://search.rakuten.co.jp/search/mall/-/MLB%EF%BC%88%E3%83%A1%E3%82%B8%E3%83%A3%E3%83%BC%E3%83%AA%E3%83%BC%E3%82%B0%EF%BC%89-500469/p.1-s.1-sf.0-st.A-v.2?grp=product"
"500470","NBA（バスケットボール）","3","トップ > おもちゃ・ホビー・ゲーム > フィギュア > スポーツ > NBA（バスケットボール）","http://search.rakuten.co.jp/search/mall/-/NBA%EF%BC%88%E3%83%90%E3%82%B9%E3%82%B1%E3%83%83%E3%83%88%E3%83%9C%E3%83%BC%E3%83%AB%EF%BC%89-500470/p.1-s.1-sf.0-st.A-v.2?grp=product"
"500471","NFL（アメリカンフットボール）","3","トップ > おもちゃ・ホビー・ゲーム > フィギュア > スポーツ > NFL（アメリカンフットボール）","http://search.rakuten.co.jp/search/mall/-/NFL%EF%BC%88%E3%82%A2%E3%83%A1%E3%83%AA%E3%82%AB%E3%83%B3%E3%83%95%E3%83%83%E3%83%88%E3%83%9C%E3%83%BC%E3%83%AB%EF%BC%89-500471/p.1-s.1-sf.0-st.A-v.2?grp=product"
"500468","サッカー","3","トップ > おもちゃ・ホビー・ゲーム > フィギュア > スポーツ > サッカー","http://search.rakuten.co.jp/search/mall/-/%E3%82%B5%E3%83%83%E3%82%AB%E3%83%BC-500468/p.1-s.1-sf.0-st.A-v.2?grp=product"
"500472","プロ野球","3","トップ > おもちゃ・ホビー・ゲーム > フィギュア > スポーツ > プロ野球","http://search.rakuten.co.jp/search/mall/-/%E3%83%97%E3%83%AD%E9%87%8E%E7%90%83-500472/p.1-s.1-sf.0-st.A-v.2?grp=product"
"112205","その他","3","トップ > おもちゃ・ホビー・ゲーム > フィギュア > スポーツ > その他","http://search.rakuten.co.jp/search/mall/-/%E3%81%9D%E3%81%AE%E4%BB%96-112205/p.1-s.1-sf.0-st.A-v.2?grp=product"
"406842","格闘技","2","トップ > おもちゃ・ホビー・ゲーム > フィギュア > 格闘技 > K-1","http://search.rakuten.co.jp/search/mall/-/%E6%A0%BC%E9%97%98%E6%8A%80-406842/p.1-s.1-sf.0-st.A-v.2?grp=product"
"500473","K-1","3","トップ > おもちゃ・ホビー・ゲーム > フィギュア > 格闘技 > K-1","http://search.rakuten.co.jp/search/mall/-/K-1-500473/p.1-s.1-sf.0-st.A-v.2?grp=product"
"500474","PANCRACE（パンクラス）","3","トップ > おもちゃ・ホビー・ゲーム > フィギュア > 格闘技 > PANCRACE（パンクラス）","http://search.rakuten.co.jp/search/mall/-/PANCRACE%EF%BC%88%E3%83%91%E3%83%B3%E3%82%AF%E3%83%A9%E3%82%B9%EF%BC%89-500474/p.1-s.1-sf.0-st.A-v.2?grp=product"
"500475","PRIDE（プライド）","3","トップ > おもちゃ・ホビー・ゲーム > フィギュア > 格闘技 > PRIDE（プライド）","http://search.rakuten.co.jp/search/mall/-/PRIDE%EF%BC%88%E3%83%97%E3%83%A9%E3%82%A4%E3%83%89%EF%BC%89-500475/p.1-s.1-sf.0-st.A-v.2?grp=product"
"508354","プロレス（アメリカ）","3","トップ > おもちゃ・ホビー・ゲーム > フィギュア > 格闘技 > プロレス（アメリカ）","http://search.rakuten.co.jp/search/mall/-/%E3%83%97%E3%83%AD%E3%83%AC%E3%82%B9%EF%BC%88%E3%82%A2%E3%83%A1%E3%83%AA%E3%82%AB%EF%BC%89-508354/p.1-s.1-sf.0-st.A-v.2?grp=product"
"406843","プロレス（日本）","3","トップ > おもちゃ・ホビー・ゲーム > フィギュア > 格闘技 > プロレス（日本）","http://search.rakuten.co.jp/search/mall/-/%E3%83%97%E3%83%AD%E3%83%AC%E3%82%B9%EF%BC%88%E6%97%A5%E6%9C%AC%EF%BC%89-406843/p.1-s.1-sf.0-st.A-v.2?grp=product"
"112206","その他","3","トップ > おもちゃ・ホビー・ゲーム > フィギュア > 格闘技 > その他","http://search.rakuten.co.jp/search/mall/-/%E3%81%9D%E3%81%AE%E4%BB%96-112206/p.1-s.1-sf.0-st.A-v.2?grp=product"
"400875","芸能人・タレント","2","トップ > おもちゃ・ホビー・ゲーム > フィギュア > 芸能人・タレント > タレント名・ア行","http://search.rakuten.co.jp/search/mall/-/%E8%8A%B8%E8%83%BD%E4%BA%BA%E3%83%BB%E3%82%BF%E3%83%AC%E3%83%B3%E3%83%88-400875/p.1-s.1-sf.0-st.A-v.2?grp=product"
"508355","タレント名・ア行","3","トップ > おもちゃ・ホビー・ゲーム > フィギュア > 芸能人・タレント > タレント名・ア行","http://search.rakuten.co.jp/search/mall/-/%E3%82%BF%E3%83%AC%E3%83%B3%E3%83%88%E5%90%8D%E3%83%BB%E3%82%A2%E8%A1%8C-508355/p.1-s.1-sf.0-st.A-v.2?grp=product"
"508356","タレント名・カ行","3","トップ > おもちゃ・ホビー・ゲーム > フィギュア > 芸能人・タレント > タレント名・カ行","http://search.rakuten.co.jp/search/mall/-/%E3%82%BF%E3%83%AC%E3%83%B3%E3%83%88%E5%90%8D%E3%83%BB%E3%82%AB%E8%A1%8C-508356/p.1-s.1-sf.0-st.A-v.2?grp=product"
"508357","タレント名・サ行","3","トップ > おもちゃ・ホビー・ゲーム > フィギュア > 芸能人・タレント > タレント名・サ行","http://search.rakuten.co.jp/search/mall/-/%E3%82%BF%E3%83%AC%E3%83%B3%E3%83%88%E5%90%8D%E3%83%BB%E3%82%B5%E8%A1%8C-508357/p.1-s.1-sf.0-st.A-v.2?grp=product"
"508358","タレント名・タ行","3","トップ > おもちゃ・ホビー・ゲーム > フィギュア > 芸能人・タレント > タレント名・タ行","http://search.rakuten.co.jp/search/mall/-/%E3%82%BF%E3%83%AC%E3%83%B3%E3%83%88%E5%90%8D%E3%83%BB%E3%82%BF%E8%A1%8C-508358/p.1-s.1-sf.0-st.A-v.2?grp=product"
"508359","タレント名・ナ行","3","トップ > おもちゃ・ホビー・ゲーム > フィギュア > 芸能人・タレント > タレント名・ナ行","http://search.rakuten.co.jp/search/mall/-/%E3%82%BF%E3%83%AC%E3%83%B3%E3%83%88%E5%90%8D%E3%83%BB%E3%83%8A%E8%A1%8C-508359/p.1-s.1-sf.0-st.A-v.2?grp=product"
"508360","タレント名・ハ行","3","トップ > おもちゃ・ホビー・ゲーム > フィギュア > 芸能人・タレント > タレント名・ハ行","http://search.rakuten.co.jp/search/mall/-/%E3%82%BF%E3%83%AC%E3%83%B3%E3%83%88%E5%90%8D%E3%83%BB%E3%83%8F%E8%A1%8C-508360/p.1-s.1-sf.0-st.A-v.2?grp=product"
"508361","タレント名・マ行","3","トップ > おもちゃ・ホビー・ゲーム > フィギュア > 芸能人・タレント > タレント名・マ行","http://search.rakuten.co.jp/search/mall/-/%E3%82%BF%E3%83%AC%E3%83%B3%E3%83%88%E5%90%8D%E3%83%BB%E3%83%9E%E8%A1%8C-508361/p.1-s.1-sf.0-st.A-v.2?grp=product"
"508362","タレント名・ヤ行","3","トップ > おもちゃ・ホビー・ゲーム > フィギュア > 芸能人・タレント > タレント名・ヤ行","http://search.rakuten.co.jp/search/mall/-/%E3%82%BF%E3%83%AC%E3%83%B3%E3%83%88%E5%90%8D%E3%83%BB%E3%83%A4%E8%A1%8C-508362/p.1-s.1-sf.0-st.A-v.2?grp=product"
"508363","タレント名・ラ行","3","トップ > おもちゃ・ホビー・ゲーム > フィギュア > 芸能人・タレント > タレント名・ラ行","http://search.rakuten.co.jp/search/mall/-/%E3%82%BF%E3%83%AC%E3%83%B3%E3%83%88%E5%90%8D%E3%83%BB%E3%83%A9%E8%A1%8C-508363/p.1-s.1-sf.0-st.A-v.2?grp=product"
"508364","タレント名・ワ行","3","トップ > おもちゃ・ホビー・ゲーム > フィギュア > 芸能人・タレント > タレント名・ワ行","http://search.rakuten.co.jp/search/mall/-/%E3%82%BF%E3%83%AC%E3%83%B3%E3%83%88%E5%90%8D%E3%83%BB%E3%83%AF%E8%A1%8C-508364/p.1-s.1-sf.0-st.A-v.2?grp=product"
"112204","その他","3","トップ > おもちゃ・ホビー・ゲーム > フィギュア > 芸能人・タレント > その他","http://search.rakuten.co.jp/search/mall/-/%E3%81%9D%E3%81%AE%E4%BB%96-112204/p.1-s.1-sf.0-st.A-v.2?grp=product"
"400987","時代劇","2","トップ > おもちゃ・ホビー・ゲーム > フィギュア > 時代劇","http://search.rakuten.co.jp/search/mall/-/%E6%99%82%E4%BB%A3%E5%8A%87-400987/p.1-s.1-sf.0-st.A-v.2?grp=product"
"112947","その他","2","トップ > おもちゃ・ホビー・ゲーム > フィギュア > その他","http://search.rakuten.co.jp/search/mall/-/%E3%81%9D%E3%81%AE%E4%BB%96-112947/p.1-s.1-sf.0-st.A-v.2?grp=product"
"101164","おもちゃ・ホビー・ゲーム","0","トップ > おもちゃ・ホビー・ゲーム > 占い・開運・風水・パワーストーン > 石・天然石・パワーストーン > 福袋","http://search.rakuten.co.jp/search/mall/-/%E3%81%8A%E3%82%82%E3%81%A1%E3%82%83%E3%83%BB%E3%83%9B%E3%83%93%E3%83%BC%E3%83%BB%E3%82%B2%E3%83%BC%E3%83%A0-101164/p.1-s.1-sf.0-st.A-v.2?grp=product"
"112132","占い・開運・風水・パワーストーン","1","トップ > おもちゃ・ホビー・ゲーム > 占い・開運・風水・パワーストーン > 石・天然石・パワーストーン > 福袋","http://search.rakuten.co.jp/search/mall/-/%E5%8D%A0%E3%81%84%E3%83%BB%E9%96%8B%E9%81%8B%E3%83%BB%E9%A2%A8%E6%B0%B4%E3%83%BB%E3%83%91%E3%83%AF%E3%83%BC%E3%82%B9%E3%83%88%E3%83%BC%E3%83%B3-112132/p.1-s.1-sf.0-st.A-v.2?grp=product"
"300978","石・天然石・パワーストーン","2","トップ > おもちゃ・ホビー・ゲーム > 占い・開運・風水・パワーストーン > 石・天然石・パワーストーン > 福袋","http://search.rakuten.co.jp/search/mall/-/%E7%9F%B3%E3%83%BB%E5%A4%A9%E7%84%B6%E7%9F%B3%E3%83%BB%E3%83%91%E3%83%AF%E3%83%BC%E3%82%B9%E3%83%88%E3%83%BC%E3%83%B3-300978/p.1-s.1-sf.0-st.A-v.2?grp=product"
"553858","福袋","3","トップ > おもちゃ・ホビー・ゲーム > 占い・開運・風水・パワーストーン > 石・天然石・パワーストーン > 福袋","http://search.rakuten.co.jp/search/mall/-/%E7%A6%8F%E8%A2%8B-553858/p.1-s.1-sf.0-st.A-v.2?grp=product"
"300979","アクアマリン","3","トップ > おもちゃ・ホビー・ゲーム > 占い・開運・風水・パワーストーン > 石・天然石・パワーストーン > アクアマリン","http://search.rakuten.co.jp/search/mall/-/%E3%82%A2%E3%82%AF%E3%82%A2%E3%83%9E%E3%83%AA%E3%83%B3-300979/p.1-s.1-sf.0-st.A-v.2?grp=product"
"300980","アゲート（メノウ）","3","トップ > おもちゃ・ホビー・ゲーム > 占い・開運・風水・パワーストーン > 石・天然石・パワーストーン > アゲート（メノウ）","http://search.rakuten.co.jp/search/mall/-/%E3%82%A2%E3%82%B2%E3%83%BC%E3%83%88%EF%BC%88%E3%83%A1%E3%83%8E%E3%82%A6%EF%BC%89-300980/p.1-s.1-sf.0-st.A-v.2?grp=product"
"406874","アズライト","3","トップ > おもちゃ・ホビー・ゲーム > 占い・開運・風水・パワーストーン > 石・天然石・パワーストーン > アズライト","http://search.rakuten.co.jp/search/mall/-/%E3%82%A2%E3%82%BA%E3%83%A9%E3%82%A4%E3%83%88-406874/p.1-s.1-sf.0-st.A-v.2?grp=product"
"300981","アズロマラカイト","3","トップ > おもちゃ・ホビー・ゲーム > 占い・開運・風水・パワーストーン > 石・天然石・パワーストーン > アズロマラカイト","http://search.rakuten.co.jp/search/mall/-/%E3%82%A2%E3%82%BA%E3%83%AD%E3%83%9E%E3%83%A9%E3%82%AB%E3%82%A4%E3%83%88-300981/p.1-s.1-sf.0-st.A-v.2?grp=product"
"300982","アベンチュリン","3","トップ > おもちゃ・ホビー・ゲーム > 占い・開運・風水・パワーストーン > 石・天然石・パワーストーン > アベンチュリン","http://search.rakuten.co.jp/search/mall/-/%E3%82%A2%E3%83%99%E3%83%B3%E3%83%81%E3%83%A5%E3%83%AA%E3%83%B3-300982/p.1-s.1-sf.0-st.A-v.2?grp=product"
"300983","アラゴナイト","3","トップ > おもちゃ・ホビー・ゲーム > 占い・開運・風水・パワーストーン > 石・天然石・パワーストーン > アラゴナイト","http://search.rakuten.co.jp/search/mall/-/%E3%82%A2%E3%83%A9%E3%82%B4%E3%83%8A%E3%82%A4%E3%83%88-300983/p.1-s.1-sf.0-st.A-v.2?grp=product"
"300984","アマゾナイト","3","トップ > おもちゃ・ホビー・ゲーム > 占い・開運・風水・パワーストーン > 石・天然石・パワーストーン > アマゾナイト","http://search.rakuten.co.jp/search/mall/-/%E3%82%A2%E3%83%9E%E3%82%BE%E3%83%8A%E3%82%A4%E3%83%88-300984/p.1-s.1-sf.0-st.A-v.2?grp=product"
"300985","アメジスト","3","トップ > おもちゃ・ホビー・ゲーム > 占い・開運・風水・パワーストーン > 石・天然石・パワーストーン > アメジスト","http://search.rakuten.co.jp/search/mall/-/%E3%82%A2%E3%83%A1%E3%82%B8%E3%82%B9%E3%83%88-300985/p.1-s.1-sf.0-st.A-v.2?grp=product"
"300986","アンバー","3","トップ > おもちゃ・ホビー・ゲーム > 占い・開運・風水・パワーストーン > 石・天然石・パワーストーン > アンバー","http://search.rakuten.co.jp/search/mall/-/%E3%82%A2%E3%83%B3%E3%83%90%E3%83%BC-300986/p.1-s.1-sf.0-st.A-v.2?grp=product"
"300987","エメラルド","3","トップ > おもちゃ・ホビー・ゲーム > 占い・開運・風水・パワーストーン > 石・天然石・パワーストーン > エメラルド","http://search.rakuten.co.jp/search/mall/-/%E3%82%A8%E3%83%A1%E3%83%A9%E3%83%AB%E3%83%89-300987/p.1-s.1-sf.0-st.A-v.2?grp=product"
"300988","エンジェライト","3","トップ > おもちゃ・ホビー・ゲーム > 占い・開運・風水・パワーストーン > 石・天然石・パワーストーン > エンジェライト","http://search.rakuten.co.jp/search/mall/-/%E3%82%A8%E3%83%B3%E3%82%B8%E3%82%A7%E3%83%A9%E3%82%A4%E3%83%88-300988/p.1-s.1-sf.0-st.A-v.2?grp=product"
"300989","オニキス","3","トップ > おもちゃ・ホビー・ゲーム > 占い・開運・風水・パワーストーン > 石・天然石・パワーストーン > オニキス","http://search.rakuten.co.jp/search/mall/-/%E3%82%AA%E3%83%8B%E3%82%AD%E3%82%B9-300989/p.1-s.1-sf.0-st.A-v.2?grp=product"
"300990","オブシディアン","3","トップ > おもちゃ・ホビー・ゲーム > 占い・開運・風水・パワーストーン > 石・天然石・パワーストーン > オブシディアン","http://search.rakuten.co.jp/search/mall/-/%E3%82%AA%E3%83%96%E3%82%B7%E3%83%87%E3%82%A3%E3%82%A2%E3%83%B3-300990/p.1-s.1-sf.0-st.A-v.2?grp=product"
"300991","オパール","3","トップ > おもちゃ・ホビー・ゲーム > 占い・開運・風水・パワーストーン > 石・天然石・パワーストーン > オパール","http://search.rakuten.co.jp/search/mall/-/%E3%82%AA%E3%83%91%E3%83%BC%E3%83%AB-300991/p.1-s.1-sf.0-st.A-v.2?grp=product"
"300992","ガーデンクオーツ","3","トップ > おもちゃ・ホビー・ゲーム > 占い・開運・風水・パワーストーン > 石・天然石・パワーストーン > ガーデンクオーツ","http://search.rakuten.co.jp/search/mall/-/%E3%82%AC%E3%83%BC%E3%83%87%E3%83%B3%E3%82%AF%E3%82%AA%E3%83%BC%E3%83%84-300992/p.1-s.1-sf.0-st.A-v.2?grp=product"
"300993","ガーネット","3","トップ > おもちゃ・ホビー・ゲーム > 占い・開運・風水・パワーストーン > 石・天然石・パワーストーン > ガーネット","http://search.rakuten.co.jp/search/mall/-/%E3%82%AC%E3%83%BC%E3%83%8D%E3%83%83%E3%83%88-300993/p.1-s.1-sf.0-st.A-v.2?grp=product"
"300994","カーネリアン","3","トップ > おもちゃ・ホビー・ゲーム > 占い・開運・風水・パワーストーン > 石・天然石・パワーストーン > カーネリアン","http://search.rakuten.co.jp/search/mall/-/%E3%82%AB%E3%83%BC%E3%83%8D%E3%83%AA%E3%82%A2%E3%83%B3-300994/p.1-s.1-sf.0-st.A-v.2?grp=product"
"300995","カヤナイト","3","トップ > おもちゃ・ホビー・ゲーム > 占い・開運・風水・パワーストーン > 石・天然石・パワーストーン > カヤナイト","http://search.rakuten.co.jp/search/mall/-/%E3%82%AB%E3%83%A4%E3%83%8A%E3%82%A4%E3%83%88-300995/p.1-s.1-sf.0-st.A-v.2?grp=product"
"300996","カルサイト","3","トップ > おもちゃ・ホビー・ゲーム > 占い・開運・風水・パワーストーン > 石・天然石・パワーストーン > カルサイト","http://search.rakuten.co.jp/search/mall/-/%E3%82%AB%E3%83%AB%E3%82%B5%E3%82%A4%E3%83%88-300996/p.1-s.1-sf.0-st.A-v.2?grp=product"
"300997","クリソコラ","3","トップ > おもちゃ・ホビー・ゲーム > 占い・開運・風水・パワーストーン > 石・天然石・パワーストーン > クリソコラ","http://search.rakuten.co.jp/search/mall/-/%E3%82%AF%E3%83%AA%E3%82%BD%E3%82%B3%E3%83%A9-300997/p.1-s.1-sf.0-st.A-v.2?grp=product"
"300998","クリソプレーズ","3","トップ > おもちゃ・ホビー・ゲーム > 占い・開運・風水・パワーストーン > 石・天然石・パワーストーン > クリソプレーズ","http://search.rakuten.co.jp/search/mall/-/%E3%82%AF%E3%83%AA%E3%82%BD%E3%83%97%E3%83%AC%E3%83%BC%E3%82%BA-300998/p.1-s.1-sf.0-st.A-v.2?grp=product"
"300999","クンツァイト","3","トップ > おもちゃ・ホビー・ゲーム > 占い・開運・風水・パワーストーン > 石・天然石・パワーストーン > クンツァイト","http://search.rakuten.co.jp/search/mall/-/%E3%82%AF%E3%83%B3%E3%83%84%E3%82%A1%E3%82%A4%E3%83%88-300999/p.1-s.1-sf.0-st.A-v.2?grp=product"
"406875","珊瑚（コーラル）","3","トップ > おもちゃ・ホビー・ゲーム > 占い・開運・風水・パワーストーン > 石・天然石・パワーストーン > 珊瑚（コーラル）","http://search.rakuten.co.jp/search/mall/-/%E7%8F%8A%E7%91%9A%EF%BC%88%E3%82%B3%E3%83%BC%E3%83%A9%E3%83%AB%EF%BC%89-406875/p.1-s.1-sf.0-st.A-v.2?grp=product"
"301000","サンストーン","3","トップ > おもちゃ・ホビー・ゲーム > 占い・開運・風水・パワーストーン > 石・天然石・パワーストーン > サンストーン","http://search.rakuten.co.jp/search/mall/-/%E3%82%B5%E3%83%B3%E3%82%B9%E3%83%88%E3%83%BC%E3%83%B3-301000/p.1-s.1-sf.0-st.A-v.2?grp=product"
"301001","シトリン","3","トップ > おもちゃ・ホビー・ゲーム > 占い・開運・風水・パワーストーン > 石・天然石・パワーストーン > シトリン","http://search.rakuten.co.jp/search/mall/-/%E3%82%B7%E3%83%88%E3%83%AA%E3%83%B3-301001/p.1-s.1-sf.0-st.A-v.2?grp=product"
"301002","ジャスパー（レッド）","3","トップ > おもちゃ・ホビー・ゲーム > 占い・開運・風水・パワーストーン > 石・天然石・パワーストーン > ジャスパー（レッド）","http://search.rakuten.co.jp/search/mall/-/%E3%82%B8%E3%83%A3%E3%82%B9%E3%83%91%E3%83%BC%EF%BC%88%E3%83%AC%E3%83%83%E3%83%89%EF%BC%89-301002/p.1-s.1-sf.0-st.A-v.2?grp=product"
"301003","スギライト","3","トップ > おもちゃ・ホビー・ゲーム > 占い・開運・風水・パワーストーン > 石・天然石・パワーストーン > スギライト","http://search.rakuten.co.jp/search/mall/-/%E3%82%B9%E3%82%AE%E3%83%A9%E3%82%A4%E3%83%88-301003/p.1-s.1-sf.0-st.A-v.2?grp=product"
"301004","スモーキークォーツ","3","トップ > おもちゃ・ホビー・ゲーム > 占い・開運・風水・パワーストーン > 石・天然石・パワーストーン > スモーキークォーツ","http://search.rakuten.co.jp/search/mall/-/%E3%82%B9%E3%83%A2%E3%83%BC%E3%82%AD%E3%83%BC%E3%82%AF%E3%82%A9%E3%83%BC%E3%83%84-301004/p.1-s.1-sf.0-st.A-v.2?grp=product"
"301005","セラフィナイト","3","トップ > おもちゃ・ホビー・ゲーム > 占い・開運・風水・パワーストーン > 石・天然石・パワーストーン > セラフィナイト","http://search.rakuten.co.jp/search/mall/-/%E3%82%BB%E3%83%A9%E3%83%95%E3%82%A3%E3%83%8A%E3%82%A4%E3%83%88-301005/p.1-s.1-sf.0-st.A-v.2?grp=product"
"301006","ソーダライト","3","トップ > おもちゃ・ホビー・ゲーム > 占い・開運・風水・パワーストーン > 石・天然石・パワーストーン > ソーダライト","http://search.rakuten.co.jp/search/mall/-/%E3%82%BD%E3%83%BC%E3%83%80%E3%83%A9%E3%82%A4%E3%83%88-301006/p.1-s.1-sf.0-st.A-v.2?grp=product"
"301007","タイガーアイ","3","トップ > おもちゃ・ホビー・ゲーム > 占い・開運・風水・パワーストーン > 石・天然石・パワーストーン > タイガーアイ","http://search.rakuten.co.jp/search/mall/-/%E3%82%BF%E3%82%A4%E3%82%AC%E3%83%BC%E3%82%A2%E3%82%A4-301007/p.1-s.1-sf.0-st.A-v.2?grp=product"
"301008","ターコイズ（トルコ石）","3","トップ > おもちゃ・ホビー・ゲーム > 占い・開運・風水・パワーストーン > 石・天然石・パワーストーン > ターコイズ（トルコ石）","http://search.rakuten.co.jp/search/mall/-/%E3%82%BF%E3%83%BC%E3%82%B3%E3%82%A4%E3%82%BA%EF%BC%88%E3%83%88%E3%83%AB%E3%82%B3%E7%9F%B3%EF%BC%89-301008/p.1-s.1-sf.0-st.A-v.2?grp=product"
"301009","タンザナイト","3","トップ > おもちゃ・ホビー・ゲーム > 占い・開運・風水・パワーストーン > 石・天然石・パワーストーン > タンザナイト","http://search.rakuten.co.jp/search/mall/-/%E3%82%BF%E3%83%B3%E3%82%B6%E3%83%8A%E3%82%A4%E3%83%88-301009/p.1-s.1-sf.0-st.A-v.2?grp=product"
"301010","チャロアイト","3","トップ > おもちゃ・ホビー・ゲーム > 占い・開運・風水・パワーストーン > 石・天然石・パワーストーン > チャロアイト","http://search.rakuten.co.jp/search/mall/-/%E3%83%81%E3%83%A3%E3%83%AD%E3%82%A2%E3%82%A4%E3%83%88-301010/p.1-s.1-sf.0-st.A-v.2?grp=product"
"301011","テクタイト","3","トップ > おもちゃ・ホビー・ゲーム > 占い・開運・風水・パワーストーン > 石・天然石・パワーストーン > テクタイト","http://search.rakuten.co.jp/search/mall/-/%E3%83%86%E3%82%AF%E3%82%BF%E3%82%A4%E3%83%88-301011/p.1-s.1-sf.0-st.A-v.2?grp=product"
"301012","天眼石","3","トップ > おもちゃ・ホビー・ゲーム > 占い・開運・風水・パワーストーン > 石・天然石・パワーストーン > 天眼石","http://search.rakuten.co.jp/search/mall/-/%E5%A4%A9%E7%9C%BC%E7%9F%B3-301012/p.1-s.1-sf.0-st.A-v.2?grp=product"
"406876","天珠","3","トップ > おもちゃ・ホビー・ゲーム > 占い・開運・風水・パワーストーン > 石・天然石・パワーストーン > 天珠","http://search.rakuten.co.jp/search/mall/-/%E5%A4%A9%E7%8F%A0-406876/p.1-s.1-sf.0-st.A-v.2?grp=product"
"301013","トルマリン","3","トップ > おもちゃ・ホビー・ゲーム > 占い・開運・風水・パワーストーン > 石・天然石・パワーストーン > トルマリン","http://search.rakuten.co.jp/search/mall/-/%E3%83%88%E3%83%AB%E3%83%9E%E3%83%AA%E3%83%B3-301013/p.1-s.1-sf.0-st.A-v.2?grp=product"
"406877","パイライト","3","トップ > おもちゃ・ホビー・ゲーム > 占い・開運・風水・パワーストーン > 石・天然石・パワーストーン > パイライト","http://search.rakuten.co.jp/search/mall/-/%E3%83%91%E3%82%A4%E3%83%A9%E3%82%A4%E3%83%88-406877/p.1-s.1-sf.0-st.A-v.2?grp=product"
"406878","パープライト","3","トップ > おもちゃ・ホビー・ゲーム > 占い・開運・風水・パワーストーン > 石・天然石・パワーストーン > パープライト","http://search.rakuten.co.jp/search/mall/-/%E3%83%91%E3%83%BC%E3%83%97%E3%83%A9%E3%82%A4%E3%83%88-406878/p.1-s.1-sf.0-st.A-v.2?grp=product"
"301014","翡翠（ひすい）","3","トップ > おもちゃ・ホビー・ゲーム > 占い・開運・風水・パワーストーン > 石・天然石・パワーストーン > 翡翠（ひすい）","http://search.rakuten.co.jp/search/mall/-/%E7%BF%A1%E7%BF%A0%EF%BC%88%E3%81%B2%E3%81%99%E3%81%84%EF%BC%89-301014/p.1-s.1-sf.0-st.A-v.2?grp=product"
"301015","ブラッドストーン","3","トップ > おもちゃ・ホビー・ゲーム > 占い・開運・風水・パワーストーン > 石・天然石・パワーストーン > ブラッドストーン","http://search.rakuten.co.jp/search/mall/-/%E3%83%96%E3%83%A9%E3%83%83%E3%83%89%E3%82%B9%E3%83%88%E3%83%BC%E3%83%B3-301015/p.1-s.1-sf.0-st.A-v.2?grp=product"
"301016","ブルータイガーアイ（ホークスアイ）","3","トップ > おもちゃ・ホビー・ゲーム > 占い・開運・風水・パワーストーン > 石・天然石・パワーストーン > ブルータイガーアイ（ホークスアイ）","http://search.rakuten.co.jp/search/mall/-/%E3%83%96%E3%83%AB%E3%83%BC%E3%82%BF%E3%82%A4%E3%82%AC%E3%83%BC%E3%82%A2%E3%82%A4%EF%BC%88%E3%83%9B%E3%83%BC%E3%82%AF%E3%82%B9%E3%82%A2%E3%82%A4%EF%BC%89-301016/p.1-s.1-sf.0-st.A-v.2?grp=product"
"301017","ブルーレースアゲート","3","トップ > おもちゃ・ホビー・ゲーム > 占い・開運・風水・パワーストーン > 石・天然石・パワーストーン > ブルーレースアゲート","http://search.rakuten.co.jp/search/mall/-/%E3%83%96%E3%83%AB%E3%83%BC%E3%83%AC%E3%83%BC%E3%82%B9%E3%82%A2%E3%82%B2%E3%83%BC%E3%83%88-301017/p.1-s.1-sf.0-st.A-v.2?grp=product"
"301018","プレナイト","3","トップ > おもちゃ・ホビー・ゲーム > 占い・開運・風水・パワーストーン > 石・天然石・パワーストーン > プレナイト","http://search.rakuten.co.jp/search/mall/-/%E3%83%97%E3%83%AC%E3%83%8A%E3%82%A4%E3%83%88-301018/p.1-s.1-sf.0-st.A-v.2?grp=product"
"301019","フローライト","3","トップ > おもちゃ・ホビー・ゲーム > 占い・開運・風水・パワーストーン > 石・天然石・パワーストーン > フローライト","http://search.rakuten.co.jp/search/mall/-/%E3%83%95%E3%83%AD%E3%83%BC%E3%83%A9%E3%82%A4%E3%83%88-301019/p.1-s.1-sf.0-st.A-v.2?grp=product"
"301020","ヘマタイト","3","トップ > おもちゃ・ホビー・ゲーム > 占い・開運・風水・パワーストーン > 石・天然石・パワーストーン > ヘマタイト","http://search.rakuten.co.jp/search/mall/-/%E3%83%98%E3%83%9E%E3%82%BF%E3%82%A4%E3%83%88-301020/p.1-s.1-sf.0-st.A-v.2?grp=product"
"406879","ヘミモルファイト","3","トップ > おもちゃ・ホビー・ゲーム > 占い・開運・風水・パワーストーン > 石・天然石・パワーストーン > ヘミモルファイト","http://search.rakuten.co.jp/search/mall/-/%E3%83%98%E3%83%9F%E3%83%A2%E3%83%AB%E3%83%95%E3%82%A1%E3%82%A4%E3%83%88-406879/p.1-s.1-sf.0-st.A-v.2?grp=product"
"301021","ペリドット","3","トップ > おもちゃ・ホビー・ゲーム > 占い・開運・風水・パワーストーン > 石・天然石・パワーストーン > ペリドット","http://search.rakuten.co.jp/search/mall/-/%E3%83%9A%E3%83%AA%E3%83%89%E3%83%83%E3%83%88-301021/p.1-s.1-sf.0-st.A-v.2?grp=product"
"301022","マザーオブパール","3","トップ > おもちゃ・ホビー・ゲーム > 占い・開運・風水・パワーストーン > 石・天然石・パワーストーン > マザーオブパール","http://search.rakuten.co.jp/search/mall/-/%E3%83%9E%E3%82%B6%E3%83%BC%E3%82%AA%E3%83%96%E3%83%91%E3%83%BC%E3%83%AB-301022/p.1-s.1-sf.0-st.A-v.2?grp=product"
"301023","マラカイト","3","トップ > おもちゃ・ホビー・ゲーム > 占い・開運・風水・パワーストーン > 石・天然石・パワーストーン > マラカイト","http://search.rakuten.co.jp/search/mall/-/%E3%83%9E%E3%83%A9%E3%82%AB%E3%82%A4%E3%83%88-301023/p.1-s.1-sf.0-st.A-v.2?grp=product"
"301024","ムーンストーン","3","トップ > おもちゃ・ホビー・ゲーム > 占い・開運・風水・パワーストーン > 石・天然石・パワーストーン > ムーンストーン","http://search.rakuten.co.jp/search/mall/-/%E3%83%A0%E3%83%BC%E3%83%B3%E3%82%B9%E3%83%88%E3%83%BC%E3%83%B3-301024/p.1-s.1-sf.0-st.A-v.2?grp=product"
"301025","モルガナイト","3","トップ > おもちゃ・ホビー・ゲーム > 占い・開運・風水・パワーストーン > 石・天然石・パワーストーン > モルガナイト","http://search.rakuten.co.jp/search/mall/-/%E3%83%A2%E3%83%AB%E3%82%AC%E3%83%8A%E3%82%A4%E3%83%88-301025/p.1-s.1-sf.0-st.A-v.2?grp=product"
"301026","モルダバイト","3","トップ > おもちゃ・ホビー・ゲーム > 占い・開運・風水・パワーストーン > 石・天然石・パワーストーン > モルダバイト","http://search.rakuten.co.jp/search/mall/-/%E3%83%A2%E3%83%AB%E3%83%80%E3%83%90%E3%82%A4%E3%83%88-301026/p.1-s.1-sf.0-st.A-v.2?grp=product"
"301027","ラピスラズリ","3","トップ > おもちゃ・ホビー・ゲーム > 占い・開運・風水・パワーストーン > 石・天然石・パワーストーン > ラピスラズリ","http://search.rakuten.co.jp/search/mall/-/%E3%83%A9%E3%83%94%E3%82%B9%E3%83%A9%E3%82%BA%E3%83%AA-301027/p.1-s.1-sf.0-st.A-v.2?grp=product"
"301028","ラブラドライト","3","トップ > おもちゃ・ホビー・ゲーム > 占い・開運・風水・パワーストーン > 石・天然石・パワーストーン > ラブラドライト","http://search.rakuten.co.jp/search/mall/-/%E3%83%A9%E3%83%96%E3%83%A9%E3%83%89%E3%83%A9%E3%82%A4%E3%83%88-301028/p.1-s.1-sf.0-st.A-v.2?grp=product"
"301029","ラリマー","3","トップ > おもちゃ・ホビー・ゲーム > 占い・開運・風水・パワーストーン > 石・天然石・パワーストーン > ラリマー","http://search.rakuten.co.jp/search/mall/-/%E3%83%A9%E3%83%AA%E3%83%9E%E3%83%BC-301029/p.1-s.1-sf.0-st.A-v.2?grp=product"
"301030","ルチルクォーツ","3","トップ > おもちゃ・ホビー・ゲーム > 占い・開運・風水・パワーストーン > 石・天然石・パワーストーン > ルチルクォーツ","http://search.rakuten.co.jp/search/mall/-/%E3%83%AB%E3%83%81%E3%83%AB%E3%82%AF%E3%82%A9%E3%83%BC%E3%83%84-301030/p.1-s.1-sf.0-st.A-v.2?grp=product"
"301031","ルビー","3","トップ > おもちゃ・ホビー・ゲーム > 占い・開運・風水・パワーストーン > 石・天然石・パワーストーン > ルビー","http://search.rakuten.co.jp/search/mall/-/%E3%83%AB%E3%83%93%E3%83%BC-301031/p.1-s.1-sf.0-st.A-v.2?grp=product"
"301032","レッドタイガーアイ","3","トップ > おもちゃ・ホビー・ゲーム > 占い・開運・風水・パワーストーン > 石・天然石・パワーストーン > レッドタイガーアイ","http://search.rakuten.co.jp/search/mall/-/%E3%83%AC%E3%83%83%E3%83%89%E3%82%BF%E3%82%A4%E3%82%AC%E3%83%BC%E3%82%A2%E3%82%A4-301032/p.1-s.1-sf.0-st.A-v.2?grp=product"
"301033","レピドライト","3","トップ > おもちゃ・ホビー・ゲーム > 占い・開運・風水・パワーストーン > 石・天然石・パワーストーン > レピドライト","http://search.rakuten.co.jp/search/mall/-/%E3%83%AC%E3%83%94%E3%83%89%E3%83%A9%E3%82%A4%E3%83%88-301033/p.1-s.1-sf.0-st.A-v.2?grp=product"
"301034","レモンクォーツ","3","トップ > おもちゃ・ホビー・ゲーム > 占い・開運・風水・パワーストーン > 石・天然石・パワーストーン > レモンクォーツ","http://search.rakuten.co.jp/search/mall/-/%E3%83%AC%E3%83%A2%E3%83%B3%E3%82%AF%E3%82%A9%E3%83%BC%E3%83%84-301034/p.1-s.1-sf.0-st.A-v.2?grp=product"
"301035","ローズクォーツ","3","トップ > おもちゃ・ホビー・ゲーム > 占い・開運・風水・パワーストーン > 石・天然石・パワーストーン > ローズクォーツ","http://search.rakuten.co.jp/search/mall/-/%E3%83%AD%E3%83%BC%E3%82%BA%E3%82%AF%E3%82%A9%E3%83%BC%E3%83%84-301035/p.1-s.1-sf.0-st.A-v.2?grp=product"
"301036","ロードクロサイト","3","トップ > おもちゃ・ホビー・ゲーム > 占い・開運・風水・パワーストーン > 石・天然石・パワーストーン > ロードクロサイト","http://search.rakuten.co.jp/search/mall/-/%E3%83%AD%E3%83%BC%E3%83%89%E3%82%AF%E3%83%AD%E3%82%B5%E3%82%A4%E3%83%88-301036/p.1-s.1-sf.0-st.A-v.2?grp=product"
"301037","ロードナイト","3","トップ > おもちゃ・ホビー・ゲーム > 占い・開運・風水・パワーストーン > 石・天然石・パワーストーン > ロードナイト","http://search.rakuten.co.jp/search/mall/-/%E3%83%AD%E3%83%BC%E3%83%89%E3%83%8A%E3%82%A4%E3%83%88-301037/p.1-s.1-sf.0-st.A-v.2?grp=product"
"301038","クリスタル（水晶）","3","トップ > おもちゃ・ホビー・ゲーム > 占い・開運・風水・パワーストーン > 石・天然石・パワーストーン > クリスタル（水晶）","http://search.rakuten.co.jp/search/mall/-/%E3%82%AF%E3%83%AA%E3%82%B9%E3%82%BF%E3%83%AB%EF%BC%88%E6%B0%B4%E6%99%B6%EF%BC%89-301038/p.1-s.1-sf.0-st.A-v.2?grp=product"
"112133","その他","3","トップ > おもちゃ・ホビー・ゲーム > 占い・開運・風水・パワーストーン > 石・天然石・パワーストーン > その他","http://search.rakuten.co.jp/search/mall/-/%E3%81%9D%E3%81%AE%E4%BB%96-112133/p.1-s.1-sf.0-st.A-v.2?grp=product"
"213812","絵・カード","2","トップ > おもちゃ・ホビー・ゲーム > 占い・開運・風水・パワーストーン > 絵・カード > 絵・ポスター","http://search.rakuten.co.jp/search/mall/-/%E7%B5%B5%E3%83%BB%E3%82%AB%E3%83%BC%E3%83%89-213812/p.1-s.1-sf.0-st.A-v.2?grp=product"
"213813","絵・ポスター","3","トップ > おもちゃ・ホビー・ゲーム > 占い・開運・風水・パワーストーン > 絵・カード > 絵・ポスター","http://search.rakuten.co.jp/search/mall/-/%E7%B5%B5%E3%83%BB%E3%83%9D%E3%82%B9%E3%82%BF%E3%83%BC-213813/p.1-s.1-sf.0-st.A-v.2?grp=product"
"213814","護符","3","トップ > おもちゃ・ホビー・ゲーム > 占い・開運・風水・パワーストーン > 絵・カード > 護符","http://search.rakuten.co.jp/search/mall/-/%E8%AD%B7%E7%AC%A6-213814/p.1-s.1-sf.0-st.A-v.2?grp=product"
"213815","タロットカード","3","トップ > おもちゃ・ホビー・ゲーム > 占い・開運・風水・パワーストーン > 絵・カード > タロットカード","http://search.rakuten.co.jp/search/mall/-/%E3%82%BF%E3%83%AD%E3%83%83%E3%83%88%E3%82%AB%E3%83%BC%E3%83%89-213815/p.1-s.1-sf.0-st.A-v.2?grp=product"
"505328","チャネリングアート","3","トップ > おもちゃ・ホビー・ゲーム > 占い・開運・風水・パワーストーン > 絵・カード > チャネリングアート","http://search.rakuten.co.jp/search/mall/-/%E3%83%81%E3%83%A3%E3%83%8D%E3%83%AA%E3%83%B3%E3%82%B0%E3%82%A2%E3%83%BC%E3%83%88-505328/p.1-s.1-sf.0-st.A-v.2?grp=product"
"112135","その他","3","トップ > おもちゃ・ホビー・ゲーム > 占い・開運・風水・パワーストーン > 絵・カード > その他","http://search.rakuten.co.jp/search/mall/-/%E3%81%9D%E3%81%AE%E4%BB%96-112135/p.1-s.1-sf.0-st.A-v.2?grp=product"
"112134","置物・壁掛け","2","トップ > おもちゃ・ホビー・ゲーム > 占い・開運・風水・パワーストーン > 置物・壁掛け","http://search.rakuten.co.jp/search/mall/-/%E7%BD%AE%E7%89%A9%E3%83%BB%E5%A3%81%E6%8E%9B%E3%81%91-112134/p.1-s.1-sf.0-st.A-v.2?grp=product"
"508399","財布","2","トップ > おもちゃ・ホビー・ゲーム > 占い・開運・風水・パワーストーン > 財布","http://search.rakuten.co.jp/search/mall/-/%E8%B2%A1%E5%B8%83-508399/p.1-s.1-sf.0-st.A-v.2?grp=product"
"112937","その他","2","トップ > おもちゃ・ホビー・ゲーム > 占い・開運・風水・パワーストーン > その他","http://search.rakuten.co.jp/search/mall/-/%E3%81%9D%E3%81%AE%E4%BB%96-112937/p.1-s.1-sf.0-st.A-v.2?grp=product"
"101164","おもちゃ・ホビー・ゲーム","0","トップ > おもちゃ・ホビー・ゲーム > アート・美術品・骨董品・民芸品 > 絵画 > 日本画 > 花鳥","http://search.rakuten.co.jp/search/mall/-/%E3%81%8A%E3%82%82%E3%81%A1%E3%82%83%E3%83%BB%E3%83%9B%E3%83%93%E3%83%BC%E3%83%BB%E3%82%B2%E3%83%BC%E3%83%A0-101164/p.1-s.1-sf.0-st.A-v.2?grp=product"
"101222","アート・美術品・骨董品・民芸品","1","トップ > おもちゃ・ホビー・ゲーム > アート・美術品・骨董品・民芸品 > 絵画 > 日本画 > 花鳥","http://search.rakuten.co.jp/search/mall/-/%E3%82%A2%E3%83%BC%E3%83%88%E3%83%BB%E7%BE%8E%E8%A1%93%E5%93%81%E3%83%BB%E9%AA%A8%E8%91%A3%E5%93%81%E3%83%BB%E6%B0%91%E8%8A%B8%E5%93%81-101222/p.1-s.1-sf.0-st.A-v.2?grp=product"
"101223","絵画","2","トップ > おもちゃ・ホビー・ゲーム > アート・美術品・骨董品・民芸品 > 絵画 > 日本画 > 花鳥","http://search.rakuten.co.jp/search/mall/-/%E7%B5%B5%E7%94%BB-101223/p.1-s.1-sf.0-st.A-v.2?grp=product"
"406881","日本画","3","トップ > おもちゃ・ホビー・ゲーム > アート・美術品・骨董品・民芸品 > 絵画 > 日本画 > 花鳥","http://search.rakuten.co.jp/search/mall/-/%E6%97%A5%E6%9C%AC%E7%94%BB-406881/p.1-s.1-sf.0-st.A-v.2?grp=product"
"406882","花鳥","4","トップ > おもちゃ・ホビー・ゲーム > アート・美術品・骨董品・民芸品 > 絵画 > 日本画 > 花鳥","http://search.rakuten.co.jp/search/mall/-/%E8%8A%B1%E9%B3%A5-406882/p.1-s.1-sf.0-st.A-v.2?grp=product"
"406883","鳥獣","4","トップ > おもちゃ・ホビー・ゲーム > アート・美術品・骨董品・民芸品 > 絵画 > 日本画 > 鳥獣","http://search.rakuten.co.jp/search/mall/-/%E9%B3%A5%E7%8D%A3-406883/p.1-s.1-sf.0-st.A-v.2?grp=product"
"406884","山水","4","トップ > おもちゃ・ホビー・ゲーム > アート・美術品・骨董品・民芸品 > 絵画 > 日本画 > 山水","http://search.rakuten.co.jp/search/mall/-/%E5%B1%B1%E6%B0%B4-406884/p.1-s.1-sf.0-st.A-v.2?grp=product"
"406885","風月","4","トップ > おもちゃ・ホビー・ゲーム > アート・美術品・骨董品・民芸品 > 絵画 > 日本画 > 風月","http://search.rakuten.co.jp/search/mall/-/%E9%A2%A8%E6%9C%88-406885/p.1-s.1-sf.0-st.A-v.2?grp=product"
"406886","人物画","4","トップ > おもちゃ・ホビー・ゲーム > アート・美術品・骨董品・民芸品 > 絵画 > 日本画 > 人物画","http://search.rakuten.co.jp/search/mall/-/%E4%BA%BA%E7%89%A9%E7%94%BB-406886/p.1-s.1-sf.0-st.A-v.2?grp=product"
"406887","菩薩","4","トップ > おもちゃ・ホビー・ゲーム > アート・美術品・骨董品・民芸品 > 絵画 > 日本画 > 菩薩","http://search.rakuten.co.jp/search/mall/-/%E8%8F%A9%E8%96%A9-406887/p.1-s.1-sf.0-st.A-v.2?grp=product"
"101224","その他","4","トップ > おもちゃ・ホビー・ゲーム > アート・美術品・骨董品・民芸品 > 絵画 > 日本画 > その他","http://search.rakuten.co.jp/search/mall/-/%E3%81%9D%E3%81%AE%E4%BB%96-101224/p.1-s.1-sf.0-st.A-v.2?grp=product"
"101225","洋画","3","トップ > おもちゃ・ホビー・ゲーム > アート・美術品・骨董品・民芸品 > 絵画 > 洋画","http://search.rakuten.co.jp/search/mall/-/%E6%B4%8B%E7%94%BB-101225/p.1-s.1-sf.0-st.A-v.2?grp=product"
"406889","版画","3","トップ > おもちゃ・ホビー・ゲーム > アート・美術品・骨董品・民芸品 > 絵画 > 版画 > シルクスクリーン","http://search.rakuten.co.jp/search/mall/-/%E7%89%88%E7%94%BB-406889/p.1-s.1-sf.0-st.A-v.2?grp=product"
"406890","シルクスクリーン","4","トップ > おもちゃ・ホビー・ゲーム > アート・美術品・骨董品・民芸品 > 絵画 > 版画 > シルクスクリーン","http://search.rakuten.co.jp/search/mall/-/%E3%82%B7%E3%83%AB%E3%82%AF%E3%82%B9%E3%82%AF%E3%83%AA%E3%83%BC%E3%83%B3-406890/p.1-s.1-sf.0-st.A-v.2?grp=product"
"406891","石版画（リトグラフ）","4","トップ > おもちゃ・ホビー・ゲーム > アート・美術品・骨董品・民芸品 > 絵画 > 版画 > 石版画（リトグラフ）","http://search.rakuten.co.jp/search/mall/-/%E7%9F%B3%E7%89%88%E7%94%BB%EF%BC%88%E3%83%AA%E3%83%88%E3%82%B0%E3%83%A9%E3%83%95%EF%BC%89-406891/p.1-s.1-sf.0-st.A-v.2?grp=product"
"406892","銅版画（エッチング）","4","トップ > おもちゃ・ホビー・ゲーム > アート・美術品・骨董品・民芸品 > 絵画 > 版画 > 銅版画（エッチング）","http://search.rakuten.co.jp/search/mall/-/%E9%8A%85%E7%89%88%E7%94%BB%EF%BC%88%E3%82%A8%E3%83%83%E3%83%81%E3%83%B3%E3%82%B0%EF%BC%89-406892/p.1-s.1-sf.0-st.A-v.2?grp=product"
"406893","木版画","4","トップ > おもちゃ・ホビー・ゲーム > アート・美術品・骨董品・民芸品 > 絵画 > 版画 > 木版画","http://search.rakuten.co.jp/search/mall/-/%E6%9C%A8%E7%89%88%E7%94%BB-406893/p.1-s.1-sf.0-st.A-v.2?grp=product"
"101226","その他","4","トップ > おもちゃ・ホビー・ゲーム > アート・美術品・骨董品・民芸品 > 絵画 > 版画 > その他","http://search.rakuten.co.jp/search/mall/-/%E3%81%9D%E3%81%AE%E4%BB%96-101226/p.1-s.1-sf.0-st.A-v.2?grp=product"
"406894","はり絵・きり絵","3","トップ > おもちゃ・ホビー・ゲーム > アート・美術品・骨董品・民芸品 > 絵画 > はり絵・きり絵","http://search.rakuten.co.jp/search/mall/-/%E3%81%AF%E3%82%8A%E7%B5%B5%E3%83%BB%E3%81%8D%E3%82%8A%E7%B5%B5-406894/p.1-s.1-sf.0-st.A-v.2?grp=product"
"406895","アクリル・ガッシュ","3","トップ > おもちゃ・ホビー・ゲーム > アート・美術品・骨董品・民芸品 > 絵画 > アクリル・ガッシュ","http://search.rakuten.co.jp/search/mall/-/%E3%82%A2%E3%82%AF%E3%83%AA%E3%83%AB%E3%83%BB%E3%82%AC%E3%83%83%E3%82%B7%E3%83%A5-406895/p.1-s.1-sf.0-st.A-v.2?grp=product"
"406896","グラフィック","3","トップ > おもちゃ・ホビー・ゲーム > アート・美術品・骨董品・民芸品 > 絵画 > グラフィック","http://search.rakuten.co.jp/search/mall/-/%E3%82%B0%E3%83%A9%E3%83%95%E3%82%A3%E3%83%83%E3%82%AF-406896/p.1-s.1-sf.0-st.A-v.2?grp=product"
"406897","パステル画・クレヨン画","3","トップ > おもちゃ・ホビー・ゲーム > アート・美術品・骨董品・民芸品 > 絵画 > パステル画・クレヨン画","http://search.rakuten.co.jp/search/mall/-/%E3%83%91%E3%82%B9%E3%83%86%E3%83%AB%E7%94%BB%E3%83%BB%E3%82%AF%E3%83%AC%E3%83%A8%E3%83%B3%E7%94%BB-406897/p.1-s.1-sf.0-st.A-v.2?grp=product"
"406898","鉛筆画・木炭画","3","トップ > おもちゃ・ホビー・ゲーム > アート・美術品・骨董品・民芸品 > 絵画 > 鉛筆画・木炭画","http://search.rakuten.co.jp/search/mall/-/%E9%89%9B%E7%AD%86%E7%94%BB%E3%83%BB%E6%9C%A8%E7%82%AD%E7%94%BB-406898/p.1-s.1-sf.0-st.A-v.2?grp=product"
"406899","児童画","3","トップ > おもちゃ・ホビー・ゲーム > アート・美術品・骨董品・民芸品 > 絵画 > 児童画","http://search.rakuten.co.jp/search/mall/-/%E5%85%90%E7%AB%A5%E7%94%BB-406899/p.1-s.1-sf.0-st.A-v.2?grp=product"
"406901","水彩","3","トップ > おもちゃ・ホビー・ゲーム > アート・美術品・骨董品・民芸品 > 絵画 > 水彩 > 自然・風景画","http://search.rakuten.co.jp/search/mall/-/%E6%B0%B4%E5%BD%A9-406901/p.1-s.1-sf.0-st.A-v.2?grp=product"
"406902","自然・風景画","4","トップ > おもちゃ・ホビー・ゲーム > アート・美術品・骨董品・民芸品 > 絵画 > 水彩 > 自然・風景画","http://search.rakuten.co.jp/search/mall/-/%E8%87%AA%E7%84%B6%E3%83%BB%E9%A2%A8%E6%99%AF%E7%94%BB-406902/p.1-s.1-sf.0-st.A-v.2?grp=product"
"406903","人物画","4","トップ > おもちゃ・ホビー・ゲーム > アート・美術品・骨董品・民芸品 > 絵画 > 水彩 > 人物画","http://search.rakuten.co.jp/search/mall/-/%E4%BA%BA%E7%89%A9%E7%94%BB-406903/p.1-s.1-sf.0-st.A-v.2?grp=product"
"406904","静物画","4","トップ > おもちゃ・ホビー・ゲーム > アート・美術品・骨董品・民芸品 > 絵画 > 水彩 > 静物画","http://search.rakuten.co.jp/search/mall/-/%E9%9D%99%E7%89%A9%E7%94%BB-406904/p.1-s.1-sf.0-st.A-v.2?grp=product"
"406905","抽象画","4","トップ > おもちゃ・ホビー・ゲーム > アート・美術品・骨董品・民芸品 > 絵画 > 水彩 > 抽象画","http://search.rakuten.co.jp/search/mall/-/%E6%8A%BD%E8%B1%A1%E7%94%BB-406905/p.1-s.1-sf.0-st.A-v.2?grp=product"
"406906","動物画","4","トップ > おもちゃ・ホビー・ゲーム > アート・美術品・骨董品・民芸品 > 絵画 > 水彩 > 動物画","http://search.rakuten.co.jp/search/mall/-/%E5%8B%95%E7%89%A9%E7%94%BB-406906/p.1-s.1-sf.0-st.A-v.2?grp=product"
"406907","その他","4","トップ > おもちゃ・ホビー・ゲーム > アート・美術品・骨董品・民芸品 > 絵画 > 水彩 > その他","http://search.rakuten.co.jp/search/mall/-/%E3%81%9D%E3%81%AE%E4%BB%96-406907/p.1-s.1-sf.0-st.A-v.2?grp=product"
"406908","水墨画","3","トップ > おもちゃ・ホビー・ゲーム > アート・美術品・骨董品・民芸品 > 絵画 > 水墨画","http://search.rakuten.co.jp/search/mall/-/%E6%B0%B4%E5%A2%A8%E7%94%BB-406908/p.1-s.1-sf.0-st.A-v.2?grp=product"
"406909","浮世絵","3","トップ > おもちゃ・ホビー・ゲーム > アート・美術品・骨董品・民芸品 > 絵画 > 浮世絵 > 歌舞伎絵・役者絵","http://search.rakuten.co.jp/search/mall/-/%E6%B5%AE%E4%B8%96%E7%B5%B5-406909/p.1-s.1-sf.0-st.A-v.2?grp=product"
"406910","歌舞伎絵・役者絵","4","トップ > おもちゃ・ホビー・ゲーム > アート・美術品・骨董品・民芸品 > 絵画 > 浮世絵 > 歌舞伎絵・役者絵","http://search.rakuten.co.jp/search/mall/-/%E6%AD%8C%E8%88%9E%E4%BC%8E%E7%B5%B5%E3%83%BB%E5%BD%B9%E8%80%85%E7%B5%B5-406910/p.1-s.1-sf.0-st.A-v.2?grp=product"
"406911","美人画","4","トップ > おもちゃ・ホビー・ゲーム > アート・美術品・骨董品・民芸品 > 絵画 > 浮世絵 > 美人画","http://search.rakuten.co.jp/search/mall/-/%E7%BE%8E%E4%BA%BA%E7%94%BB-406911/p.1-s.1-sf.0-st.A-v.2?grp=product"
"406912","武者絵","4","トップ > おもちゃ・ホビー・ゲーム > アート・美術品・骨董品・民芸品 > 絵画 > 浮世絵 > 武者絵","http://search.rakuten.co.jp/search/mall/-/%E6%AD%A6%E8%80%85%E7%B5%B5-406912/p.1-s.1-sf.0-st.A-v.2?grp=product"
"406913","名所絵","4","トップ > おもちゃ・ホビー・ゲーム > アート・美術品・骨董品・民芸品 > 絵画 > 浮世絵 > 名所絵","http://search.rakuten.co.jp/search/mall/-/%E5%90%8D%E6%89%80%E7%B5%B5-406913/p.1-s.1-sf.0-st.A-v.2?grp=product"
"406914","その他","4","トップ > おもちゃ・ホビー・ゲーム > アート・美術品・骨董品・民芸品 > 絵画 > 浮世絵 > その他","http://search.rakuten.co.jp/search/mall/-/%E3%81%9D%E3%81%AE%E4%BB%96-406914/p.1-s.1-sf.0-st.A-v.2?grp=product"
"406915","油彩","3","トップ > おもちゃ・ホビー・ゲーム > アート・美術品・骨董品・民芸品 > 絵画 > 油彩 > 自然・風景画","http://search.rakuten.co.jp/search/mall/-/%E6%B2%B9%E5%BD%A9-406915/p.1-s.1-sf.0-st.A-v.2?grp=product"
"406916","自然・風景画","4","トップ > おもちゃ・ホビー・ゲーム > アート・美術品・骨董品・民芸品 > 絵画 > 油彩 > 自然・風景画","http://search.rakuten.co.jp/search/mall/-/%E8%87%AA%E7%84%B6%E3%83%BB%E9%A2%A8%E6%99%AF%E7%94%BB-406916/p.1-s.1-sf.0-st.A-v.2?grp=product"
"406917","宗教画","4","トップ > おもちゃ・ホビー・ゲーム > アート・美術品・骨董品・民芸品 > 絵画 > 油彩 > 宗教画","http://search.rakuten.co.jp/search/mall/-/%E5%AE%97%E6%95%99%E7%94%BB-406917/p.1-s.1-sf.0-st.A-v.2?grp=product"
"406918","人物画","4","トップ > おもちゃ・ホビー・ゲーム > アート・美術品・骨董品・民芸品 > 絵画 > 油彩 > 人物画","http://search.rakuten.co.jp/search/mall/-/%E4%BA%BA%E7%89%A9%E7%94%BB-406918/p.1-s.1-sf.0-st.A-v.2?grp=product"
"406919","静物画","4","トップ > おもちゃ・ホビー・ゲーム > アート・美術品・骨董品・民芸品 > 絵画 > 油彩 > 静物画","http://search.rakuten.co.jp/search/mall/-/%E9%9D%99%E7%89%A9%E7%94%BB-406919/p.1-s.1-sf.0-st.A-v.2?grp=product"
"406920","抽象画","4","トップ > おもちゃ・ホビー・ゲーム > アート・美術品・骨董品・民芸品 > 絵画 > 油彩 > 抽象画","http://search.rakuten.co.jp/search/mall/-/%E6%8A%BD%E8%B1%A1%E7%94%BB-406920/p.1-s.1-sf.0-st.A-v.2?grp=product"
"406921","動物画","4","トップ > おもちゃ・ホビー・ゲーム > アート・美術品・骨董品・民芸品 > 絵画 > 油彩 > 動物画","http://search.rakuten.co.jp/search/mall/-/%E5%8B%95%E7%89%A9%E7%94%BB-406921/p.1-s.1-sf.0-st.A-v.2?grp=product"
"406922","その他","4","トップ > おもちゃ・ホビー・ゲーム > アート・美術品・骨董品・民芸品 > 絵画 > 油彩 > その他","http://search.rakuten.co.jp/search/mall/-/%E3%81%9D%E3%81%AE%E4%BB%96-406922/p.1-s.1-sf.0-st.A-v.2?grp=product"
"101918","その他","3","トップ > おもちゃ・ホビー・ゲーム > アート・美術品・骨董品・民芸品 > 絵画 > その他","http://search.rakuten.co.jp/search/mall/-/%E3%81%9D%E3%81%AE%E4%BB%96-101918/p.1-s.1-sf.0-st.A-v.2?grp=product"
"406923","彫刻","2","トップ > おもちゃ・ホビー・ゲーム > アート・美術品・骨董品・民芸品 > 彫刻 > オブジェ","http://search.rakuten.co.jp/search/mall/-/%E5%BD%AB%E5%88%BB-406923/p.1-s.1-sf.0-st.A-v.2?grp=product"
"406924","オブジェ","3","トップ > おもちゃ・ホビー・ゲーム > アート・美術品・骨董品・民芸品 > 彫刻 > オブジェ","http://search.rakuten.co.jp/search/mall/-/%E3%82%AA%E3%83%96%E3%82%B8%E3%82%A7-406924/p.1-s.1-sf.0-st.A-v.2?grp=product"
"406925","西洋彫刻","3","トップ > おもちゃ・ホビー・ゲーム > アート・美術品・骨董品・民芸品 > 彫刻 > 西洋彫刻","http://search.rakuten.co.jp/search/mall/-/%E8%A5%BF%E6%B4%8B%E5%BD%AB%E5%88%BB-406925/p.1-s.1-sf.0-st.A-v.2?grp=product"
"406926","東洋彫刻","3","トップ > おもちゃ・ホビー・ゲーム > アート・美術品・骨董品・民芸品 > 彫刻 > 東洋彫刻 > 根付","http://search.rakuten.co.jp/search/mall/-/%E6%9D%B1%E6%B4%8B%E5%BD%AB%E5%88%BB-406926/p.1-s.1-sf.0-st.A-v.2?grp=product"
"406927","根付","4","トップ > おもちゃ・ホビー・ゲーム > アート・美術品・骨董品・民芸品 > 彫刻 > 東洋彫刻 > 根付","http://search.rakuten.co.jp/search/mall/-/%E6%A0%B9%E4%BB%98-406927/p.1-s.1-sf.0-st.A-v.2?grp=product"
"406928","仏像","4","トップ > おもちゃ・ホビー・ゲーム > アート・美術品・骨董品・民芸品 > 彫刻 > 東洋彫刻 > 仏像","http://search.rakuten.co.jp/search/mall/-/%E4%BB%8F%E5%83%8F-406928/p.1-s.1-sf.0-st.A-v.2?grp=product"
"406929","その他","4","トップ > おもちゃ・ホビー・ゲーム > アート・美術品・骨董品・民芸品 > 彫刻 > 東洋彫刻 > その他","http://search.rakuten.co.jp/search/mall/-/%E3%81%9D%E3%81%AE%E4%BB%96-406929/p.1-s.1-sf.0-st.A-v.2?grp=product"
"101227","その他","3","トップ > おもちゃ・ホビー・ゲーム > アート・美術品・骨董品・民芸品 > 彫刻 > その他","http://search.rakuten.co.jp/search/mall/-/%E3%81%9D%E3%81%AE%E4%BB%96-101227/p.1-s.1-sf.0-st.A-v.2?grp=product"
"406930","書","2","トップ > おもちゃ・ホビー・ゲーム > アート・美術品・骨董品・民芸品 > 書 > 色紙","http://search.rakuten.co.jp/search/mall/-/%E6%9B%B8-406930/p.1-s.1-sf.0-st.A-v.2?grp=product"
"406931","色紙","3","トップ > おもちゃ・ホビー・ゲーム > アート・美術品・骨董品・民芸品 > 書 > 色紙","http://search.rakuten.co.jp/search/mall/-/%E8%89%B2%E7%B4%99-406931/p.1-s.1-sf.0-st.A-v.2?grp=product"
"406932","扇面","3","トップ > おもちゃ・ホビー・ゲーム > アート・美術品・骨董品・民芸品 > 書 > 扇面","http://search.rakuten.co.jp/search/mall/-/%E6%89%87%E9%9D%A2-406932/p.1-s.1-sf.0-st.A-v.2?grp=product"
"406933","短冊","3","トップ > おもちゃ・ホビー・ゲーム > アート・美術品・骨董品・民芸品 > 書 > 短冊","http://search.rakuten.co.jp/search/mall/-/%E7%9F%AD%E5%86%8A-406933/p.1-s.1-sf.0-st.A-v.2?grp=product"
"406934","額・扁額","3","トップ > おもちゃ・ホビー・ゲーム > アート・美術品・骨董品・民芸品 > 書 > 額・扁額","http://search.rakuten.co.jp/search/mall/-/%E9%A1%8D%E3%83%BB%E6%89%81%E9%A1%8D-406934/p.1-s.1-sf.0-st.A-v.2?grp=product"
"101228","その他","3","トップ > おもちゃ・ホビー・ゲーム > アート・美術品・骨董品・民芸品 > 書 > その他","http://search.rakuten.co.jp/search/mall/-/%E3%81%9D%E3%81%AE%E4%BB%96-101228/p.1-s.1-sf.0-st.A-v.2?grp=product"
"101234","骨董品・アンティーク","2","トップ > おもちゃ・ホビー・ゲーム > アート・美術品・骨董品・民芸品 > 骨董品・アンティーク","http://search.rakuten.co.jp/search/mall/-/%E9%AA%A8%E8%91%A3%E5%93%81%E3%83%BB%E3%82%A2%E3%83%B3%E3%83%86%E3%82%A3%E3%83%BC%E3%82%AF-101234/p.1-s.1-sf.0-st.A-v.2?grp=product"
"101229","工芸品・民芸品","2","トップ > おもちゃ・ホビー・ゲーム > アート・美術品・骨董品・民芸品 > 工芸品・民芸品 > 陶器・磁器","http://search.rakuten.co.jp/search/mall/-/%E5%B7%A5%E8%8A%B8%E5%93%81%E3%83%BB%E6%B0%91%E8%8A%B8%E5%93%81-101229/p.1-s.1-sf.0-st.A-v.2?grp=product"
"101230","陶器・磁器","3","トップ > おもちゃ・ホビー・ゲーム > アート・美術品・骨董品・民芸品 > 工芸品・民芸品 > 陶器・磁器","http://search.rakuten.co.jp/search/mall/-/%E9%99%B6%E5%99%A8%E3%83%BB%E7%A3%81%E5%99%A8-101230/p.1-s.1-sf.0-st.A-v.2?grp=product"
"101231","漆器","3","トップ > おもちゃ・ホビー・ゲーム > アート・美術品・骨董品・民芸品 > 工芸品・民芸品 > 漆器","http://search.rakuten.co.jp/search/mall/-/%E6%BC%86%E5%99%A8-101231/p.1-s.1-sf.0-st.A-v.2?grp=product"
"112099","ガラス細工","3","トップ > おもちゃ・ホビー・ゲーム > アート・美術品・骨董品・民芸品 > 工芸品・民芸品 > ガラス細工","http://search.rakuten.co.jp/search/mall/-/%E3%82%AC%E3%83%A9%E3%82%B9%E7%B4%B0%E5%B7%A5-112099/p.1-s.1-sf.0-st.A-v.2?grp=product"
"101232","木工細工","3","トップ > おもちゃ・ホビー・ゲーム > アート・美術品・骨董品・民芸品 > 工芸品・民芸品 > 木工細工","http://search.rakuten.co.jp/search/mall/-/%E6%9C%A8%E5%B7%A5%E7%B4%B0%E5%B7%A5-101232/p.1-s.1-sf.0-st.A-v.2?grp=product"
"101233","金属細工","3","トップ > おもちゃ・ホビー・ゲーム > アート・美術品・骨董品・民芸品 > 工芸品・民芸品 > 金属細工","http://search.rakuten.co.jp/search/mall/-/%E9%87%91%E5%B1%9E%E7%B4%B0%E5%B7%A5-101233/p.1-s.1-sf.0-st.A-v.2?grp=product"
"101919","その他","3","トップ > おもちゃ・ホビー・ゲーム > アート・美術品・骨董品・民芸品 > 工芸品・民芸品 > その他","http://search.rakuten.co.jp/search/mall/-/%E3%81%9D%E3%81%AE%E4%BB%96-101919/p.1-s.1-sf.0-st.A-v.2?grp=product"
"406936","写真","2","トップ > おもちゃ・ホビー・ゲーム > アート・美術品・骨董品・民芸品 > 写真 > ドキュメント","http://search.rakuten.co.jp/search/mall/-/%E5%86%99%E7%9C%9F-406936/p.1-s.1-sf.0-st.A-v.2?grp=product"
"406937","ドキュメント","3","トップ > おもちゃ・ホビー・ゲーム > アート・美術品・骨董品・民芸品 > 写真 > ドキュメント","http://search.rakuten.co.jp/search/mall/-/%E3%83%89%E3%82%AD%E3%83%A5%E3%83%A1%E3%83%B3%E3%83%88-406937/p.1-s.1-sf.0-st.A-v.2?grp=product"
"406938","自然・風景","3","トップ > おもちゃ・ホビー・ゲーム > アート・美術品・骨董品・民芸品 > 写真 > 自然・風景","http://search.rakuten.co.jp/search/mall/-/%E8%87%AA%E7%84%B6%E3%83%BB%E9%A2%A8%E6%99%AF-406938/p.1-s.1-sf.0-st.A-v.2?grp=product"
"406939","人物写真","3","トップ > おもちゃ・ホビー・ゲーム > アート・美術品・骨董品・民芸品 > 写真 > 人物写真","http://search.rakuten.co.jp/search/mall/-/%E4%BA%BA%E7%89%A9%E5%86%99%E7%9C%9F-406939/p.1-s.1-sf.0-st.A-v.2?grp=product"
"406940","静物","3","トップ > おもちゃ・ホビー・ゲーム > アート・美術品・骨董品・民芸品 > 写真 > 静物","http://search.rakuten.co.jp/search/mall/-/%E9%9D%99%E7%89%A9-406940/p.1-s.1-sf.0-st.A-v.2?grp=product"
"406941","鉄道","3","トップ > おもちゃ・ホビー・ゲーム > アート・美術品・骨董品・民芸品 > 写真 > 鉄道","http://search.rakuten.co.jp/search/mall/-/%E9%89%84%E9%81%93-406941/p.1-s.1-sf.0-st.A-v.2?grp=product"
"101235","その他","3","トップ > おもちゃ・ホビー・ゲーム > アート・美術品・骨董品・民芸品 > 写真 > その他","http://search.rakuten.co.jp/search/mall/-/%E3%81%9D%E3%81%AE%E4%BB%96-101235/p.1-s.1-sf.0-st.A-v.2?grp=product"
"406942","額縁","2","トップ > おもちゃ・ホビー・ゲーム > アート・美術品・骨董品・民芸品 > 額縁 > キャンバス用 > アルミ製","http://search.rakuten.co.jp/search/mall/-/%E9%A1%8D%E7%B8%81-406942/p.1-s.1-sf.0-st.A-v.2?grp=product"
"406943","キャンバス用","3","トップ > おもちゃ・ホビー・ゲーム > アート・美術品・骨董品・民芸品 > 額縁 > キャンバス用 > アルミ製","http://search.rakuten.co.jp/search/mall/-/%E3%82%AD%E3%83%A3%E3%83%B3%E3%83%90%E3%82%B9%E7%94%A8-406943/p.1-s.1-sf.0-st.A-v.2?grp=product"
"406944","アルミ製","4","トップ > おもちゃ・ホビー・ゲーム > アート・美術品・骨董品・民芸品 > 額縁 > キャンバス用 > アルミ製","http://search.rakuten.co.jp/search/mall/-/%E3%82%A2%E3%83%AB%E3%83%9F%E8%A3%BD-406944/p.1-s.1-sf.0-st.A-v.2?grp=product"
"406945","木製","4","トップ > おもちゃ・ホビー・ゲーム > アート・美術品・骨董品・民芸品 > 額縁 > キャンバス用 > 木製","http://search.rakuten.co.jp/search/mall/-/%E6%9C%A8%E8%A3%BD-406945/p.1-s.1-sf.0-st.A-v.2?grp=product"
"406946","その他","4","トップ > おもちゃ・ホビー・ゲーム > アート・美術品・骨董品・民芸品 > 額縁 > キャンバス用 > その他","http://search.rakuten.co.jp/search/mall/-/%E3%81%9D%E3%81%AE%E4%BB%96-406946/p.1-s.1-sf.0-st.A-v.2?grp=product"
"406947","色紙用","3","トップ > おもちゃ・ホビー・ゲーム > アート・美術品・骨董品・民芸品 > 額縁 > 色紙用 > アルミ製","http://search.rakuten.co.jp/search/mall/-/%E8%89%B2%E7%B4%99%E7%94%A8-406947/p.1-s.1-sf.0-st.A-v.2?grp=product"
"406948","アルミ製","4","トップ > おもちゃ・ホビー・ゲーム > アート・美術品・骨董品・民芸品 > 額縁 > 色紙用 > アルミ製","http://search.rakuten.co.jp/search/mall/-/%E3%82%A2%E3%83%AB%E3%83%9F%E8%A3%BD-406948/p.1-s.1-sf.0-st.A-v.2?grp=product"
"406949","木製","4","トップ > おもちゃ・ホビー・ゲーム > アート・美術品・骨董品・民芸品 > 額縁 > 色紙用 > 木製","http://search.rakuten.co.jp/search/mall/-/%E6%9C%A8%E8%A3%BD-406949/p.1-s.1-sf.0-st.A-v.2?grp=product"
"406950","その他","4","トップ > おもちゃ・ホビー・ゲーム > アート・美術品・骨董品・民芸品 > 額縁 > 色紙用 > その他","http://search.rakuten.co.jp/search/mall/-/%E3%81%9D%E3%81%AE%E4%BB%96-406950/p.1-s.1-sf.0-st.A-v.2?grp=product"
"406951","ポスター・賞状用","3","トップ > おもちゃ・ホビー・ゲーム > アート・美術品・骨董品・民芸品 > 額縁 > ポスター・賞状用 > アルミ製","http://search.rakuten.co.jp/search/mall/-/%E3%83%9D%E3%82%B9%E3%82%BF%E3%83%BC%E3%83%BB%E8%B3%9E%E7%8A%B6%E7%94%A8-406951/p.1-s.1-sf.0-st.A-v.2?grp=product"
"406952","アルミ製","4","トップ > おもちゃ・ホビー・ゲーム > アート・美術品・骨董品・民芸品 > 額縁 > ポスター・賞状用 > アルミ製","http://search.rakuten.co.jp/search/mall/-/%E3%82%A2%E3%83%AB%E3%83%9F%E8%A3%BD-406952/p.1-s.1-sf.0-st.A-v.2?grp=product"
"406953","木製","4","トップ > おもちゃ・ホビー・ゲーム > アート・美術品・骨董品・民芸品 > 額縁 > ポスター・賞状用 > 木製","http://search.rakuten.co.jp/search/mall/-/%E6%9C%A8%E8%A3%BD-406953/p.1-s.1-sf.0-st.A-v.2?grp=product"
"406954","その他","4","トップ > おもちゃ・ホビー・ゲーム > アート・美術品・骨董品・民芸品 > 額縁 > ポスター・賞状用 > その他","http://search.rakuten.co.jp/search/mall/-/%E3%81%9D%E3%81%AE%E4%BB%96-406954/p.1-s.1-sf.0-st.A-v.2?grp=product"
"553859","ジグソーパズル用","3","トップ > おもちゃ・ホビー・ゲーム > アート・美術品・骨董品・民芸品 > 額縁 > ジグソーパズル用 > アルミ製","http://search.rakuten.co.jp/search/mall/-/%E3%82%B8%E3%82%B0%E3%82%BD%E3%83%BC%E3%83%91%E3%82%BA%E3%83%AB%E7%94%A8-553859/p.1-s.1-sf.0-st.A-v.2?grp=product"
"553860","アルミ製","4","トップ > おもちゃ・ホビー・ゲーム > アート・美術品・骨董品・民芸品 > 額縁 > ジグソーパズル用 > アルミ製","http://search.rakuten.co.jp/search/mall/-/%E3%82%A2%E3%83%AB%E3%83%9F%E8%A3%BD-553860/p.1-s.1-sf.0-st.A-v.2?grp=product"
"553861","木製","4","トップ > おもちゃ・ホビー・ゲーム > アート・美術品・骨董品・民芸品 > 額縁 > ジグソーパズル用 > 木製","http://search.rakuten.co.jp/search/mall/-/%E6%9C%A8%E8%A3%BD-553861/p.1-s.1-sf.0-st.A-v.2?grp=product"
"553862","その他","4","トップ > おもちゃ・ホビー・ゲーム > アート・美術品・骨董品・民芸品 > 額縁 > ジグソーパズル用 > その他","http://search.rakuten.co.jp/search/mall/-/%E3%81%9D%E3%81%AE%E4%BB%96-553862/p.1-s.1-sf.0-st.A-v.2?grp=product"
"101236","その他","3","トップ > おもちゃ・ホビー・ゲーム > アート・美術品・骨董品・民芸品 > 額縁 > その他","http://search.rakuten.co.jp/search/mall/-/%E3%81%9D%E3%81%AE%E4%BB%96-101236/p.1-s.1-sf.0-st.A-v.2?grp=product"
"101237","ステンドグラス","2","トップ > おもちゃ・ホビー・ゲーム > アート・美術品・骨董品・民芸品 > ステンドグラス","http://search.rakuten.co.jp/search/mall/-/%E3%82%B9%E3%83%86%E3%83%B3%E3%83%89%E3%82%B0%E3%83%A9%E3%82%B9-101237/p.1-s.1-sf.0-st.A-v.2?grp=product"
"200432","化石","2","トップ > おもちゃ・ホビー・ゲーム > アート・美術品・骨董品・民芸品 > 化石","http://search.rakuten.co.jp/search/mall/-/%E5%8C%96%E7%9F%B3-200432/p.1-s.1-sf.0-st.A-v.2?grp=product"
"101917","その他","2","トップ > おもちゃ・ホビー・ゲーム > アート・美術品・骨董品・民芸品 > その他","http://search.rakuten.co.jp/search/mall/-/%E3%81%9D%E3%81%AE%E4%BB%96-101917/p.1-s.1-sf.0-st.A-v.2?grp=product"
"101164","おもちゃ・ホビー・ゲーム","0","トップ > おもちゃ・ホビー・ゲーム > 囲碁・将棋・麻雀・チェス > 囲碁 > 碁盤","http://search.rakuten.co.jp/search/mall/-/%E3%81%8A%E3%82%82%E3%81%A1%E3%82%83%E3%83%BB%E3%83%9B%E3%83%93%E3%83%BC%E3%83%BB%E3%82%B2%E3%83%BC%E3%83%A0-101164/p.1-s.1-sf.0-st.A-v.2?grp=product"
"206324","囲碁・将棋・麻雀・チェス","1","トップ > おもちゃ・ホビー・ゲーム > 囲碁・将棋・麻雀・チェス > 囲碁 > 碁盤","http://search.rakuten.co.jp/search/mall/-/%E5%9B%B2%E7%A2%81%E3%83%BB%E5%B0%86%E6%A3%8B%E3%83%BB%E9%BA%BB%E9%9B%80%E3%83%BB%E3%83%81%E3%82%A7%E3%82%B9-206324/p.1-s.1-sf.0-st.A-v.2?grp=product"
"213816","囲碁","2","トップ > おもちゃ・ホビー・ゲーム > 囲碁・将棋・麻雀・チェス > 囲碁 > 碁盤","http://search.rakuten.co.jp/search/mall/-/%E5%9B%B2%E7%A2%81-213816/p.1-s.1-sf.0-st.A-v.2?grp=product"
"213817","碁盤","3","トップ > おもちゃ・ホビー・ゲーム > 囲碁・将棋・麻雀・チェス > 囲碁 > 碁盤","http://search.rakuten.co.jp/search/mall/-/%E7%A2%81%E7%9B%A4-213817/p.1-s.1-sf.0-st.A-v.2?grp=product"
"213818","碁石","3","トップ > おもちゃ・ホビー・ゲーム > 囲碁・将棋・麻雀・チェス > 囲碁 > 碁石","http://search.rakuten.co.jp/search/mall/-/%E7%A2%81%E7%9F%B3-213818/p.1-s.1-sf.0-st.A-v.2?grp=product"
"213819","碁笥（ごけ）","3","トップ > おもちゃ・ホビー・ゲーム > 囲碁・将棋・麻雀・チェス > 囲碁 > 碁笥（ごけ）","http://search.rakuten.co.jp/search/mall/-/%E7%A2%81%E7%AC%A5%EF%BC%88%E3%81%94%E3%81%91%EF%BC%89-213819/p.1-s.1-sf.0-st.A-v.2?grp=product"
"213820","セット","3","トップ > おもちゃ・ホビー・ゲーム > 囲碁・将棋・麻雀・チェス > 囲碁 > セット","http://search.rakuten.co.jp/search/mall/-/%E3%82%BB%E3%83%83%E3%83%88-213820/p.1-s.1-sf.0-st.A-v.2?grp=product"
"206325","その他","3","トップ > おもちゃ・ホビー・ゲーム > 囲碁・将棋・麻雀・チェス > 囲碁 > その他","http://search.rakuten.co.jp/search/mall/-/%E3%81%9D%E3%81%AE%E4%BB%96-206325/p.1-s.1-sf.0-st.A-v.2?grp=product"
"213821","将棋","2","トップ > おもちゃ・ホビー・ゲーム > 囲碁・将棋・麻雀・チェス > 将棋 > 将棋盤","http://search.rakuten.co.jp/search/mall/-/%E5%B0%86%E6%A3%8B-213821/p.1-s.1-sf.0-st.A-v.2?grp=product"
"213822","将棋盤","3","トップ > おもちゃ・ホビー・ゲーム > 囲碁・将棋・麻雀・チェス > 将棋 > 将棋盤","http://search.rakuten.co.jp/search/mall/-/%E5%B0%86%E6%A3%8B%E7%9B%A4-213822/p.1-s.1-sf.0-st.A-v.2?grp=product"
"213823","将棋駒","3","トップ > おもちゃ・ホビー・ゲーム > 囲碁・将棋・麻雀・チェス > 将棋 > 将棋駒","http://search.rakuten.co.jp/search/mall/-/%E5%B0%86%E6%A3%8B%E9%A7%92-213823/p.1-s.1-sf.0-st.A-v.2?grp=product"
"213824","駒袋","3","トップ > おもちゃ・ホビー・ゲーム > 囲碁・将棋・麻雀・チェス > 将棋 > 駒袋","http://search.rakuten.co.jp/search/mall/-/%E9%A7%92%E8%A2%8B-213824/p.1-s.1-sf.0-st.A-v.2?grp=product"
"213825","駒箱","3","トップ > おもちゃ・ホビー・ゲーム > 囲碁・将棋・麻雀・チェス > 将棋 > 駒箱","http://search.rakuten.co.jp/search/mall/-/%E9%A7%92%E7%AE%B1-213825/p.1-s.1-sf.0-st.A-v.2?grp=product"
"213826","駒台","3","トップ > おもちゃ・ホビー・ゲーム > 囲碁・将棋・麻雀・チェス > 将棋 > 駒台","http://search.rakuten.co.jp/search/mall/-/%E9%A7%92%E5%8F%B0-213826/p.1-s.1-sf.0-st.A-v.2?grp=product"
"213827","セット","3","トップ > おもちゃ・ホビー・ゲーム > 囲碁・将棋・麻雀・チェス > 将棋 > セット","http://search.rakuten.co.jp/search/mall/-/%E3%82%BB%E3%83%83%E3%83%88-213827/p.1-s.1-sf.0-st.A-v.2?grp=product"
"551356","サイングッズ","3","トップ > おもちゃ・ホビー・ゲーム > 囲碁・将棋・麻雀・チェス > 将棋 > サイングッズ","http://search.rakuten.co.jp/search/mall/-/%E3%82%B5%E3%82%A4%E3%83%B3%E3%82%B0%E3%83%83%E3%82%BA-551356/p.1-s.1-sf.0-st.A-v.2?grp=product"
"206326","その他","3","トップ > おもちゃ・ホビー・ゲーム > 囲碁・将棋・麻雀・チェス > 将棋 > その他","http://search.rakuten.co.jp/search/mall/-/%E3%81%9D%E3%81%AE%E4%BB%96-206326/p.1-s.1-sf.0-st.A-v.2?grp=product"
"213828","麻雀","2","トップ > おもちゃ・ホビー・ゲーム > 囲碁・将棋・麻雀・チェス > 麻雀 > 麻雀卓","http://search.rakuten.co.jp/search/mall/-/%E9%BA%BB%E9%9B%80-213828/p.1-s.1-sf.0-st.A-v.2?grp=product"
"213829","麻雀卓","3","トップ > おもちゃ・ホビー・ゲーム > 囲碁・将棋・麻雀・チェス > 麻雀 > 麻雀卓","http://search.rakuten.co.jp/search/mall/-/%E9%BA%BB%E9%9B%80%E5%8D%93-213829/p.1-s.1-sf.0-st.A-v.2?grp=product"
"213830","麻雀マット","3","トップ > おもちゃ・ホビー・ゲーム > 囲碁・将棋・麻雀・チェス > 麻雀 > 麻雀マット","http://search.rakuten.co.jp/search/mall/-/%E9%BA%BB%E9%9B%80%E3%83%9E%E3%83%83%E3%83%88-213830/p.1-s.1-sf.0-st.A-v.2?grp=product"
"213831","麻雀牌","3","トップ > おもちゃ・ホビー・ゲーム > 囲碁・将棋・麻雀・チェス > 麻雀 > 麻雀牌","http://search.rakuten.co.jp/search/mall/-/%E9%BA%BB%E9%9B%80%E7%89%8C-213831/p.1-s.1-sf.0-st.A-v.2?grp=product"
"213832","点棒","3","トップ > おもちゃ・ホビー・ゲーム > 囲碁・将棋・麻雀・チェス > 麻雀 > 点棒","http://search.rakuten.co.jp/search/mall/-/%E7%82%B9%E6%A3%92-213832/p.1-s.1-sf.0-st.A-v.2?grp=product"
"213833","セット","3","トップ > おもちゃ・ホビー・ゲーム > 囲碁・将棋・麻雀・チェス > 麻雀 > セット","http://search.rakuten.co.jp/search/mall/-/%E3%82%BB%E3%83%83%E3%83%88-213833/p.1-s.1-sf.0-st.A-v.2?grp=product"
"206327","その他","3","トップ > おもちゃ・ホビー・ゲーム > 囲碁・将棋・麻雀・チェス > 麻雀 > その他","http://search.rakuten.co.jp/search/mall/-/%E3%81%9D%E3%81%AE%E4%BB%96-206327/p.1-s.1-sf.0-st.A-v.2?grp=product"
"207665","チェス","2","トップ > おもちゃ・ホビー・ゲーム > 囲碁・将棋・麻雀・チェス > チェス","http://search.rakuten.co.jp/search/mall/-/%E3%83%81%E3%82%A7%E3%82%B9-207665/p.1-s.1-sf.0-st.A-v.2?grp=product"
"112322","その他","2","トップ > おもちゃ・ホビー・ゲーム > 囲碁・将棋・麻雀・チェス > その他","http://search.rakuten.co.jp/search/mall/-/%E3%81%9D%E3%81%AE%E4%BB%96-112322/p.1-s.1-sf.0-st.A-v.2?grp=product"
"101164","おもちゃ・ホビー・ゲーム","0","トップ > おもちゃ・ホビー・ゲーム > 手芸・クラフト","http://search.rakuten.co.jp/search/mall/-/%E3%81%8A%E3%82%82%E3%81%A1%E3%82%83%E3%83%BB%E3%83%9B%E3%83%93%E3%83%BC%E3%83%BB%E3%82%B2%E3%83%BC%E3%83%A0-101164/p.1-s.1-sf.0-st.A-v.2?grp=product"
"101164","おもちゃ・ホビー・ゲーム","0","トップ > おもちゃ・ホビー・ゲーム > その他","http://search.rakuten.co.jp/search/mall/-/%E3%81%8A%E3%82%82%E3%81%A1%E3%82%83%E3%83%BB%E3%83%9B%E3%83%93%E3%83%BC%E3%83%BB%E3%82%B2%E3%83%BC%E3%83%A0-101164/p.1-s.1-sf.0-st.A-v.2?grp=product"
